"Dataset Name","Observation Date","Series Key","Series Display Name","Observation Value","Unit","Observation Status","Observation Status Comment","Sequence No.","Series name"
"Structure of Interest Rate: State Bank of Pakistan Policy Rates","28-Jan-2025","TS_GP_IR_SIRPR_AH.SBPOL0010",". State Bank of Pakistan's Reverse Repo Rate","13","Percent","Normal","","10","State Bank of Pakistan's Reverse Repo Rate"
"Structure of Interest Rate: State Bank of Pakistan Policy Rates","28-Jan-2025","TS_GP_IR_SIRPR_AH.SBPOL0020",". State Bank of Pakistan's Repo Rate","11","Percent","Normal","","20","State Bank of Pakistan's Repo Rate"
"Structure of Interest Rate: State Bank of Pakistan Policy Rates","28-Jan-2025","TS_GP_IR_SIRPR_AH.SBPOL0030",". State Bank of Pakistan's Policy (Target) Rate","12","Percent","Normal","","30","State Bank of Pakistan's Policy (Target) Rate"
"Structure of Interest Rate: State Bank of Pakistan Policy Rates","17-Dec-2024","TS_GP_IR_SIRPR_AH.SBPOL0010",". State Bank of Pakistan's Reverse Repo Rate","14","Percent","Normal","","10","State Bank of Pakistan's Reverse Repo Rate"
"Structure of Interest Rate: State Bank of Pakistan Policy Rates","17-Dec-2024","TS_GP_IR_SIRPR_AH.SBPOL0020",". State Bank of Pakistan's Repo Rate","12","Percent","Normal","","20","State Bank of Pakistan's Repo Rate"
"Structure of Interest Rate: State Bank of Pakistan Policy Rates","17-Dec-2024","TS_GP_IR_SIRPR_AH.SBPOL0030",". State Bank of Pakistan's Policy (Target) Rate","13","Percent","Normal","","30","State Bank of Pakistan's Policy (Target) Rate"
"Structure of Interest Rate: State Bank of Pakistan Policy Rates","05-Nov-2024","TS_GP_IR_SIRPR_AH.SBPOL0010",". State Bank of Pakistan's Reverse Repo Rate","16","Percent","Normal","","10","State Bank of Pakistan's Reverse Repo Rate"
"Structure of Interest Rate: State Bank of Pakistan Policy Rates","05-Nov-2024","TS_GP_IR_SIRPR_AH.SBPOL0020",". State Bank of Pakistan's Repo Rate","14","Percent","Normal","","20","State Bank of Pakistan's Repo Rate"
"Structure of Interest Rate: State Bank of Pakistan Policy Rates","05-Nov-2024","TS_GP_IR_SIRPR_AH.SBPOL0030",". State Bank of Pakistan's Policy (Target) Rate","15","Percent","Normal","","30","State Bank of Pakistan's Policy (Target) Rate"
"Structure of Interest Rate: State Bank of Pakistan Policy Rates","13-Sep-2024","TS_GP_IR_SIRPR_AH.SBPOL0010",". State Bank of Pakistan's Reverse Repo Rate","18.5","Percent","Normal","","10","State Bank of Pakistan's Reverse Repo Rate"
"Structure of Interest Rate: State Bank of Pakistan Policy Rates","13-Sep-2024","TS_GP_IR_SIRPR_AH.SBPOL0020",". State Bank of Pakistan's Repo Rate","16.5","Percent","Normal","","20","State Bank of Pakistan's Repo Rate"
"Structure of Interest Rate: State Bank of Pakistan Policy Rates","13-Sep-2024","TS_GP_IR_SIRPR_AH.SBPOL0030",". State Bank of Pakistan's Policy (Target) Rate","17.5","Percent","Normal","","30","State Bank of Pakistan's Policy (Target) Rate"
"Structure of Interest Rate: State Bank of Pakistan Policy Rates","30-Jul-2024","TS_GP_IR_SIRPR_AH.SBPOL0010",". State Bank of Pakistan's Reverse Repo Rate","20.5","Percent","Normal","","10","State Bank of Pakistan's Reverse Repo Rate"
"Structure of Interest Rate: State Bank of Pakistan Policy Rates","30-Jul-2024","TS_GP_IR_SIRPR_AH.SBPOL0020",". State Bank of Pakistan's Repo Rate","18.5","Percent","Normal","","20","State Bank of Pakistan's Repo Rate"
"Structure of Interest Rate: State Bank of Pakistan Policy Rates","30-Jul-2024","TS_GP_IR_SIRPR_AH.SBPOL0030",". State Bank of Pakistan's Policy (Target) Rate","19.5","Percent","Normal","","30","State Bank of Pakistan's Policy (Target) Rate"
"Structure of Interest Rate: State Bank of Pakistan Policy Rates","11-Jun-2024","TS_GP_IR_SIRPR_AH.SBPOL0010",". State Bank of Pakistan's Reverse Repo Rate","21.5","Percent","Normal","","10","State Bank of Pakistan's Reverse Repo Rate"
"Structure of Interest Rate: State Bank of Pakistan Policy Rates","11-Jun-2024","TS_GP_IR_SIRPR_AH.SBPOL0020",". State Bank of Pakistan's Repo Rate","19.5","Percent","Normal","","20","State Bank of Pakistan's Repo Rate"
"Structure of Interest Rate: State Bank of Pakistan Policy Rates","11-Jun-2024","TS_GP_IR_SIRPR_AH.SBPOL0030",". State Bank of Pakistan's Policy (Target) Rate","20.5","Percent","Normal","","30","State Bank of Pakistan's Policy (Target) Rate"
"Structure of Interest Rate: State Bank of Pakistan Policy Rates","27-Jun-2023","TS_GP_IR_SIRPR_AH.SBPOL0010",". State Bank of Pakistan's Reverse Repo Rate","23","Percent","Normal","","10","State Bank of Pakistan's Reverse Repo Rate"
"Structure of Interest Rate: State Bank of Pakistan Policy Rates","27-Jun-2023","TS_GP_IR_SIRPR_AH.SBPOL0020",". State Bank of Pakistan's Repo Rate","21","Percent","Normal","","20","State Bank of Pakistan's Repo Rate"
"Structure of Interest Rate: State Bank of Pakistan Policy Rates","27-Jun-2023","TS_GP_IR_SIRPR_AH.SBPOL0030",". State Bank of Pakistan's Policy (Target) Rate","22","Percent","Normal","","30","State Bank of Pakistan's Policy (Target) Rate"
"Structure of Interest Rate: State Bank of Pakistan Policy Rates","05-Apr-2023","TS_GP_IR_SIRPR_AH.SBPOL0010",". State Bank of Pakistan's Reverse Repo Rate","22","Percent","Normal","","10","State Bank of Pakistan's Reverse Repo Rate"
"Structure of Interest Rate: State Bank of Pakistan Policy Rates","05-Apr-2023","TS_GP_IR_SIRPR_AH.SBPOL0020",". State Bank of Pakistan's Repo Rate","20","Percent","Normal","","20","State Bank of Pakistan's Repo Rate"
"Structure of Interest Rate: State Bank of Pakistan Policy Rates","05-Apr-2023","TS_GP_IR_SIRPR_AH.SBPOL0030",". State Bank of Pakistan's Policy (Target) Rate","21","Percent","Normal","","30","State Bank of Pakistan's Policy (Target) Rate"
"Structure of Interest Rate: State Bank of Pakistan Policy Rates","03-Mar-2023","TS_GP_IR_SIRPR_AH.SBPOL0010",". State Bank of Pakistan's Reverse Repo Rate","21","Percent","Normal","","10","State Bank of Pakistan's Reverse Repo Rate"
"Structure of Interest Rate: State Bank of Pakistan Policy Rates","03-Mar-2023","TS_GP_IR_SIRPR_AH.SBPOL0020",". State Bank of Pakistan's Repo Rate","19","Percent","Normal","","20","State Bank of Pakistan's Repo Rate"
"Structure of Interest Rate: State Bank of Pakistan Policy Rates","03-Mar-2023","TS_GP_IR_SIRPR_AH.SBPOL0030",". State Bank of Pakistan's Policy (Target) Rate","20","Percent","Normal","","30","State Bank of Pakistan's Policy (Target) Rate"
"Structure of Interest Rate: State Bank of Pakistan Policy Rates","24-Jan-2023","TS_GP_IR_SIRPR_AH.SBPOL0010",". State Bank of Pakistan's Reverse Repo Rate","18","Percent","Normal","","10","State Bank of Pakistan's Reverse Repo Rate"
"Structure of Interest Rate: State Bank of Pakistan Policy Rates","24-Jan-2023","TS_GP_IR_SIRPR_AH.SBPOL0020",". State Bank of Pakistan's Repo Rate","16","Percent","Normal","","20","State Bank of Pakistan's Repo Rate"
"Structure of Interest Rate: State Bank of Pakistan Policy Rates","24-Jan-2023","TS_GP_IR_SIRPR_AH.SBPOL0030",". State Bank of Pakistan's Policy (Target) Rate","17","Percent","Normal","","30","State Bank of Pakistan's Policy (Target) Rate"
"Structure of Interest Rate: State Bank of Pakistan Policy Rates","28-Nov-2022","TS_GP_IR_SIRPR_AH.SBPOL0010",". State Bank of Pakistan's Reverse Repo Rate","17","Percent","Normal","","10","State Bank of Pakistan's Reverse Repo Rate"
"Structure of Interest Rate: State Bank of Pakistan Policy Rates","28-Nov-2022","TS_GP_IR_SIRPR_AH.SBPOL0020",". State Bank of Pakistan's Repo Rate","15","Percent","Normal","","20","State Bank of Pakistan's Repo Rate"
"Structure of Interest Rate: State Bank of Pakistan Policy Rates","28-Nov-2022","TS_GP_IR_SIRPR_AH.SBPOL0030",". State Bank of Pakistan's Policy (Target) Rate","16","Percent","Normal","","30","State Bank of Pakistan's Policy (Target) Rate"
"Structure of Interest Rate: State Bank of Pakistan Policy Rates","13-Jul-2022","TS_GP_IR_SIRPR_AH.SBPOL0010",". State Bank of Pakistan's Reverse Repo Rate","16","Percent","Normal","","10","State Bank of Pakistan's Reverse Repo Rate"
"Structure of Interest Rate: State Bank of Pakistan Policy Rates","13-Jul-2022","TS_GP_IR_SIRPR_AH.SBPOL0020",". State Bank of Pakistan's Repo Rate","14","Percent","Normal","","20","State Bank of Pakistan's Repo Rate"
"Structure of Interest Rate: State Bank of Pakistan Policy Rates","13-Jul-2022","TS_GP_IR_SIRPR_AH.SBPOL0030",". State Bank of Pakistan's Policy (Target) Rate","15","Percent","Normal","","30","State Bank of Pakistan's Policy (Target) Rate"
"Structure of Interest Rate: State Bank of Pakistan Policy Rates","24-May-2022","TS_GP_IR_SIRPR_AH.SBPOL0010",". State Bank of Pakistan's Reverse Repo Rate","14.75","Percent","Normal","","10","State Bank of Pakistan's Reverse Repo Rate"
"Structure of Interest Rate: State Bank of Pakistan Policy Rates","24-May-2022","TS_GP_IR_SIRPR_AH.SBPOL0020",". State Bank of Pakistan's Repo Rate","12.75","Percent","Normal","","20","State Bank of Pakistan's Repo Rate"
"Structure of Interest Rate: State Bank of Pakistan Policy Rates","24-May-2022","TS_GP_IR_SIRPR_AH.SBPOL0030",". State Bank of Pakistan's Policy (Target) Rate","13.75","Percent","Normal","","30","State Bank of Pakistan's Policy (Target) Rate"
"Structure of Interest Rate: State Bank of Pakistan Policy Rates","08-Apr-2022","TS_GP_IR_SIRPR_AH.SBPOL0010",". State Bank of Pakistan's Reverse Repo Rate","13.25","Percent","Normal","","10","State Bank of Pakistan's Reverse Repo Rate"
"Structure of Interest Rate: State Bank of Pakistan Policy Rates","08-Apr-2022","TS_GP_IR_SIRPR_AH.SBPOL0020",". State Bank of Pakistan's Repo Rate","11.25","Percent","Normal","","20","State Bank of Pakistan's Repo Rate"
"Structure of Interest Rate: State Bank of Pakistan Policy Rates","08-Apr-2022","TS_GP_IR_SIRPR_AH.SBPOL0030",". State Bank of Pakistan's Policy (Target) Rate","12.25","Percent","Normal","","30","State Bank of Pakistan's Policy (Target) Rate"
"Structure of Interest Rate: State Bank of Pakistan Policy Rates","15-Dec-2021","TS_GP_IR_SIRPR_AH.SBPOL0010",". State Bank of Pakistan's Reverse Repo Rate","10.75","Percent","Normal","","10","State Bank of Pakistan's Reverse Repo Rate"
"Structure of Interest Rate: State Bank of Pakistan Policy Rates","15-Dec-2021","TS_GP_IR_SIRPR_AH.SBPOL0020",". State Bank of Pakistan's Repo Rate","8.75","Percent","Normal","","20","State Bank of Pakistan's Repo Rate"
"Structure of Interest Rate: State Bank of Pakistan Policy Rates","15-Dec-2021","TS_GP_IR_SIRPR_AH.SBPOL0030",". State Bank of Pakistan's Policy (Target) Rate","9.75","Percent","Normal","","30","State Bank of Pakistan's Policy (Target) Rate"
"Structure of Interest Rate: State Bank of Pakistan Policy Rates","22-Nov-2021","TS_GP_IR_SIRPR_AH.SBPOL0010",". State Bank of Pakistan's Reverse Repo Rate","9.75","Percent","Normal","","10","State Bank of Pakistan's Reverse Repo Rate"
"Structure of Interest Rate: State Bank of Pakistan Policy Rates","22-Nov-2021","TS_GP_IR_SIRPR_AH.SBPOL0020",". State Bank of Pakistan's Repo Rate","7.75","Percent","Normal","","20","State Bank of Pakistan's Repo Rate"
"Structure of Interest Rate: State Bank of Pakistan Policy Rates","22-Nov-2021","TS_GP_IR_SIRPR_AH.SBPOL0030",". State Bank of Pakistan's Policy (Target) Rate","8.75","Percent","Normal","","30","State Bank of Pakistan's Policy (Target) Rate"
"Structure of Interest Rate: State Bank of Pakistan Policy Rates","21-Sep-2021","TS_GP_IR_SIRPR_AH.SBPOL0010",". State Bank of Pakistan's Reverse Repo Rate","8.25","Percent","Normal","","10","State Bank of Pakistan's Reverse Repo Rate"
"Structure of Interest Rate: State Bank of Pakistan Policy Rates","21-Sep-2021","TS_GP_IR_SIRPR_AH.SBPOL0020",". State Bank of Pakistan's Repo Rate","6.25","Percent","Normal","","20","State Bank of Pakistan's Repo Rate"
"Structure of Interest Rate: State Bank of Pakistan Policy Rates","21-Sep-2021","TS_GP_IR_SIRPR_AH.SBPOL0030",". State Bank of Pakistan's Policy (Target) Rate","7.25","Percent","Normal","","30","State Bank of Pakistan's Policy (Target) Rate"
"Structure of Interest Rate: State Bank of Pakistan Policy Rates","26-Jun-2020","TS_GP_IR_SIRPR_AH.SBPOL0010",". State Bank of Pakistan's Reverse Repo Rate","8","Percent","Normal","","10","State Bank of Pakistan's Reverse Repo Rate"
"Structure of Interest Rate: State Bank of Pakistan Policy Rates","26-Jun-2020","TS_GP_IR_SIRPR_AH.SBPOL0020",". State Bank of Pakistan's Repo Rate","6","Percent","Normal","","20","State Bank of Pakistan's Repo Rate"
"Structure of Interest Rate: State Bank of Pakistan Policy Rates","26-Jun-2020","TS_GP_IR_SIRPR_AH.SBPOL0030",". State Bank of Pakistan's Policy (Target) Rate","7","Percent","Normal","","30","State Bank of Pakistan's Policy (Target) Rate"
"Structure of Interest Rate: State Bank of Pakistan Policy Rates","18-May-2020","TS_GP_IR_SIRPR_AH.SBPOL0010",". State Bank of Pakistan's Reverse Repo Rate","9","Percent","Normal","","10","State Bank of Pakistan's Reverse Repo Rate"
"Structure of Interest Rate: State Bank of Pakistan Policy Rates","18-May-2020","TS_GP_IR_SIRPR_AH.SBPOL0020",". State Bank of Pakistan's Repo Rate","7","Percent","Normal","","20","State Bank of Pakistan's Repo Rate"
"Structure of Interest Rate: State Bank of Pakistan Policy Rates","18-May-2020","TS_GP_IR_SIRPR_AH.SBPOL0030",". State Bank of Pakistan's Policy (Target) Rate","8","Percent","Normal","","30","State Bank of Pakistan's Policy (Target) Rate"
"Structure of Interest Rate: State Bank of Pakistan Policy Rates","16-May-2020","TS_GP_IR_SIRPR_AH.SBPOL0010",". State Bank of Pakistan's Reverse Repo Rate","9","Percent","Normal","","10","State Bank of Pakistan's Reverse Repo Rate"
"Structure of Interest Rate: State Bank of Pakistan Policy Rates","16-May-2020","TS_GP_IR_SIRPR_AH.SBPOL0020",". State Bank of Pakistan's Repo Rate","7","Percent","Normal","","20","State Bank of Pakistan's Repo Rate"
"Structure of Interest Rate: State Bank of Pakistan Policy Rates","16-May-2020","TS_GP_IR_SIRPR_AH.SBPOL0030",". State Bank of Pakistan's Policy (Target) Rate","8","Percent","Normal","","30","State Bank of Pakistan's Policy (Target) Rate"
"Structure of Interest Rate: State Bank of Pakistan Policy Rates","17-Apr-2020","TS_GP_IR_SIRPR_AH.SBPOL0010",". State Bank of Pakistan's Reverse Repo Rate","10","Percent","Normal","","10","State Bank of Pakistan's Reverse Repo Rate"
"Structure of Interest Rate: State Bank of Pakistan Policy Rates","17-Apr-2020","TS_GP_IR_SIRPR_AH.SBPOL0020",". State Bank of Pakistan's Repo Rate","8","Percent","Normal","","20","State Bank of Pakistan's Repo Rate"
"Structure of Interest Rate: State Bank of Pakistan Policy Rates","17-Apr-2020","TS_GP_IR_SIRPR_AH.SBPOL0030",". State Bank of Pakistan's Policy (Target) Rate","9","Percent","Normal","","30","State Bank of Pakistan's Policy (Target) Rate"
"Structure of Interest Rate: State Bank of Pakistan Policy Rates","16-Apr-2020","TS_GP_IR_SIRPR_AH.SBPOL0010",". State Bank of Pakistan's Reverse Repo Rate","10","Percent","Normal","","10","State Bank of Pakistan's Reverse Repo Rate"
"Structure of Interest Rate: State Bank of Pakistan Policy Rates","16-Apr-2020","TS_GP_IR_SIRPR_AH.SBPOL0020",". State Bank of Pakistan's Repo Rate","8","Percent","Normal","","20","State Bank of Pakistan's Repo Rate"
"Structure of Interest Rate: State Bank of Pakistan Policy Rates","16-Apr-2020","TS_GP_IR_SIRPR_AH.SBPOL0030",". State Bank of Pakistan's Policy (Target) Rate","9","Percent","Normal","","30","State Bank of Pakistan's Policy (Target) Rate"
"Structure of Interest Rate: State Bank of Pakistan Policy Rates","25-Mar-2020","TS_GP_IR_SIRPR_AH.SBPOL0010",". State Bank of Pakistan's Reverse Repo Rate","12","Percent","Normal","","10","State Bank of Pakistan's Reverse Repo Rate"
"Structure of Interest Rate: State Bank of Pakistan Policy Rates","25-Mar-2020","TS_GP_IR_SIRPR_AH.SBPOL0020",". State Bank of Pakistan's Repo Rate","10","Percent","Normal","","20","State Bank of Pakistan's Repo Rate"
"Structure of Interest Rate: State Bank of Pakistan Policy Rates","25-Mar-2020","TS_GP_IR_SIRPR_AH.SBPOL0030",". State Bank of Pakistan's Policy (Target) Rate","11","Percent","Normal","","30","State Bank of Pakistan's Policy (Target) Rate"
"Structure of Interest Rate: State Bank of Pakistan Policy Rates","18-Mar-2020","TS_GP_IR_SIRPR_AH.SBPOL0010",". State Bank of Pakistan's Reverse Repo Rate","13.5","Percent","Normal","","10","State Bank of Pakistan's Reverse Repo Rate"
"Structure of Interest Rate: State Bank of Pakistan Policy Rates","18-Mar-2020","TS_GP_IR_SIRPR_AH.SBPOL0020",". State Bank of Pakistan's Repo Rate","11.5","Percent","Normal","","20","State Bank of Pakistan's Repo Rate"
"Structure of Interest Rate: State Bank of Pakistan Policy Rates","18-Mar-2020","TS_GP_IR_SIRPR_AH.SBPOL0030",". State Bank of Pakistan's Policy (Target) Rate","12.5","Percent","Normal","","30","State Bank of Pakistan's Policy (Target) Rate"
"Structure of Interest Rate: State Bank of Pakistan Policy Rates","17-Jul-2019","TS_GP_IR_SIRPR_AH.SBPOL0010",". State Bank of Pakistan's Reverse Repo Rate","13.75","Percent","Normal","","10","State Bank of Pakistan's Reverse Repo Rate"
"Structure of Interest Rate: State Bank of Pakistan Policy Rates","17-Jul-2019","TS_GP_IR_SIRPR_AH.SBPOL0020",". State Bank of Pakistan's Repo Rate","11.75","Percent","Normal","","20","State Bank of Pakistan's Repo Rate"
"Structure of Interest Rate: State Bank of Pakistan Policy Rates","17-Jul-2019","TS_GP_IR_SIRPR_AH.SBPOL0030",". State Bank of Pakistan's Policy (Target) Rate","13.25","Percent","Normal","","30","State Bank of Pakistan's Policy (Target) Rate"
"Structure of Interest Rate: State Bank of Pakistan Policy Rates","21-May-2019","TS_GP_IR_SIRPR_AH.SBPOL0010",". State Bank of Pakistan's Reverse Repo Rate","12.75","Percent","Normal","","10","State Bank of Pakistan's Reverse Repo Rate"
"Structure of Interest Rate: State Bank of Pakistan Policy Rates","21-May-2019","TS_GP_IR_SIRPR_AH.SBPOL0020",". State Bank of Pakistan's Repo Rate","10.75","Percent","Normal","","20","State Bank of Pakistan's Repo Rate"
"Structure of Interest Rate: State Bank of Pakistan Policy Rates","21-May-2019","TS_GP_IR_SIRPR_AH.SBPOL0030",". State Bank of Pakistan's Policy (Target) Rate","12.25","Percent","Normal","","30","State Bank of Pakistan's Policy (Target) Rate"
"Structure of Interest Rate: State Bank of Pakistan Policy Rates","01-Apr-2019","TS_GP_IR_SIRPR_AH.SBPOL0010",". State Bank of Pakistan's Reverse Repo Rate","11.25","Percent","Normal","","10","State Bank of Pakistan's Reverse Repo Rate"
"Structure of Interest Rate: State Bank of Pakistan Policy Rates","01-Apr-2019","TS_GP_IR_SIRPR_AH.SBPOL0020",". State Bank of Pakistan's Repo Rate","9.25","Percent","Normal","","20","State Bank of Pakistan's Repo Rate"
"Structure of Interest Rate: State Bank of Pakistan Policy Rates","01-Apr-2019","TS_GP_IR_SIRPR_AH.SBPOL0030",". State Bank of Pakistan's Policy (Target) Rate","10.75","Percent","Normal","","30","State Bank of Pakistan's Policy (Target) Rate"
"Structure of Interest Rate: State Bank of Pakistan Policy Rates","01-Feb-2019","TS_GP_IR_SIRPR_AH.SBPOL0010",". State Bank of Pakistan's Reverse Repo Rate","10.75","Percent","Normal","","10","State Bank of Pakistan's Reverse Repo Rate"
"Structure of Interest Rate: State Bank of Pakistan Policy Rates","01-Feb-2019","TS_GP_IR_SIRPR_AH.SBPOL0020",". State Bank of Pakistan's Repo Rate","8.75","Percent","Normal","","20","State Bank of Pakistan's Repo Rate"
"Structure of Interest Rate: State Bank of Pakistan Policy Rates","01-Feb-2019","TS_GP_IR_SIRPR_AH.SBPOL0030",". State Bank of Pakistan's Policy (Target) Rate","10.25","Percent","Normal","","30","State Bank of Pakistan's Policy (Target) Rate"
"Structure of Interest Rate: State Bank of Pakistan Policy Rates","03-Dec-2018","TS_GP_IR_SIRPR_AH.SBPOL0010",". State Bank of Pakistan's Reverse Repo Rate","10.5","Percent","Normal","","10","State Bank of Pakistan's Reverse Repo Rate"
"Structure of Interest Rate: State Bank of Pakistan Policy Rates","03-Dec-2018","TS_GP_IR_SIRPR_AH.SBPOL0020",". State Bank of Pakistan's Repo Rate","8.5","Percent","Normal","","20","State Bank of Pakistan's Repo Rate"
"Structure of Interest Rate: State Bank of Pakistan Policy Rates","03-Dec-2018","TS_GP_IR_SIRPR_AH.SBPOL0030",". State Bank of Pakistan's Policy (Target) Rate","10","Percent","Normal","","30","State Bank of Pakistan's Policy (Target) Rate"
"Structure of Interest Rate: State Bank of Pakistan Policy Rates","01-Oct-2018","TS_GP_IR_SIRPR_AH.SBPOL0010",". State Bank of Pakistan's Reverse Repo Rate","9","Percent","Normal","","10","State Bank of Pakistan's Reverse Repo Rate"
"Structure of Interest Rate: State Bank of Pakistan Policy Rates","01-Oct-2018","TS_GP_IR_SIRPR_AH.SBPOL0020",". State Bank of Pakistan's Repo Rate","7","Percent","Normal","","20","State Bank of Pakistan's Repo Rate"
"Structure of Interest Rate: State Bank of Pakistan Policy Rates","01-Oct-2018","TS_GP_IR_SIRPR_AH.SBPOL0030",". State Bank of Pakistan's Policy (Target) Rate","8.5","Percent","Normal","","30","State Bank of Pakistan's Policy (Target) Rate"
"Structure of Interest Rate: State Bank of Pakistan Policy Rates","16-Jul-2018","TS_GP_IR_SIRPR_AH.SBPOL0010",". State Bank of Pakistan's Reverse Repo Rate","8","Percent","Normal","","10","State Bank of Pakistan's Reverse Repo Rate"
"Structure of Interest Rate: State Bank of Pakistan Policy Rates","16-Jul-2018","TS_GP_IR_SIRPR_AH.SBPOL0020",". State Bank of Pakistan's Repo Rate","6","Percent","Normal","","20","State Bank of Pakistan's Repo Rate"
"Structure of Interest Rate: State Bank of Pakistan Policy Rates","16-Jul-2018","TS_GP_IR_SIRPR_AH.SBPOL0030",". State Bank of Pakistan's Policy (Target) Rate","7.5","Percent","Normal","","30","State Bank of Pakistan's Policy (Target) Rate"
"Structure of Interest Rate: State Bank of Pakistan Policy Rates","28-May-2018","TS_GP_IR_SIRPR_AH.SBPOL0010",". State Bank of Pakistan's Reverse Repo Rate","7","Percent","Normal","","10","State Bank of Pakistan's Reverse Repo Rate"
"Structure of Interest Rate: State Bank of Pakistan Policy Rates","28-May-2018","TS_GP_IR_SIRPR_AH.SBPOL0020",". State Bank of Pakistan's Repo Rate","5","Percent","Normal","","20","State Bank of Pakistan's Repo Rate"
"Structure of Interest Rate: State Bank of Pakistan Policy Rates","28-May-2018","TS_GP_IR_SIRPR_AH.SBPOL0030",". State Bank of Pakistan's Policy (Target) Rate","6.5","Percent","Normal","","30","State Bank of Pakistan's Policy (Target) Rate"
"Structure of Interest Rate: State Bank of Pakistan Policy Rates","29-Jan-2018","TS_GP_IR_SIRPR_AH.SBPOL0010",". State Bank of Pakistan's Reverse Repo Rate","6.5","Percent","Normal","","10","State Bank of Pakistan's Reverse Repo Rate"
"Structure of Interest Rate: State Bank of Pakistan Policy Rates","29-Jan-2018","TS_GP_IR_SIRPR_AH.SBPOL0020",". State Bank of Pakistan's Repo Rate","4.5","Percent","Normal","","20","State Bank of Pakistan's Repo Rate"
"Structure of Interest Rate: State Bank of Pakistan Policy Rates","29-Jan-2018","TS_GP_IR_SIRPR_AH.SBPOL0030",". State Bank of Pakistan's Policy (Target) Rate","6","Percent","Normal","","30","State Bank of Pakistan's Policy (Target) Rate"
"Structure of Interest Rate: State Bank of Pakistan Policy Rates","23-May-2016","TS_GP_IR_SIRPR_AH.SBPOL0010",". State Bank of Pakistan's Reverse Repo Rate","6.25","Percent","Normal","","10","State Bank of Pakistan's Reverse Repo Rate"
"Structure of Interest Rate: State Bank of Pakistan Policy Rates","23-May-2016","TS_GP_IR_SIRPR_AH.SBPOL0020",". State Bank of Pakistan's Repo Rate","4.25","Percent","Normal","","20","State Bank of Pakistan's Repo Rate"
"Structure of Interest Rate: State Bank of Pakistan Policy Rates","23-May-2016","TS_GP_IR_SIRPR_AH.SBPOL0030",". State Bank of Pakistan's Policy (Target) Rate","5.75","Percent","Normal","","30","State Bank of Pakistan's Policy (Target) Rate"
"Structure of Interest Rate: State Bank of Pakistan Policy Rates","14-Sep-2015","TS_GP_IR_SIRPR_AH.SBPOL0010",". State Bank of Pakistan's Reverse Repo Rate","6.5","Percent","Normal","","10","State Bank of Pakistan's Reverse Repo Rate"
"Structure of Interest Rate: State Bank of Pakistan Policy Rates","14-Sep-2015","TS_GP_IR_SIRPR_AH.SBPOL0020",". State Bank of Pakistan's Repo Rate","4.5","Percent","Normal","","20","State Bank of Pakistan's Repo Rate"
"Structure of Interest Rate: State Bank of Pakistan Policy Rates","14-Sep-2015","TS_GP_IR_SIRPR_AH.SBPOL0030",". State Bank of Pakistan's Policy (Target) Rate","6","Percent","Normal","","30","State Bank of Pakistan's Policy (Target) Rate"
"Structure of Interest Rate: State Bank of Pakistan Policy Rates","25-May-2015","TS_GP_IR_SIRPR_AH.SBPOL0010",". State Bank of Pakistan's Reverse Repo Rate","7","Percent","Normal","","10","State Bank of Pakistan's Reverse Repo Rate"
"Structure of Interest Rate: State Bank of Pakistan Policy Rates","25-May-2015","TS_GP_IR_SIRPR_AH.SBPOL0020",". State Bank of Pakistan's Repo Rate","5","Percent","Normal","","20","State Bank of Pakistan's Repo Rate"
"Structure of Interest Rate: State Bank of Pakistan Policy Rates","25-May-2015","TS_GP_IR_SIRPR_AH.SBPOL0030",". State Bank of Pakistan's Policy (Target) Rate","6.5","Percent","Normal","","30","State Bank of Pakistan's Policy (Target) Rate"
"Structure of Interest Rate: State Bank of Pakistan Policy Rates","24-Mar-2015","TS_GP_IR_SIRPR_AH.SBPOL0010",". State Bank of Pakistan's Reverse Repo Rate","8","Percent","Normal","","10","State Bank of Pakistan's Reverse Repo Rate"
"Structure of Interest Rate: State Bank of Pakistan Policy Rates","24-Mar-2015","TS_GP_IR_SIRPR_AH.SBPOL0020",". State Bank of Pakistan's Repo Rate","5.5","Percent","Normal","","20","State Bank of Pakistan's Repo Rate"
"Structure of Interest Rate: State Bank of Pakistan Policy Rates","26-Jan-2015","TS_GP_IR_SIRPR_AH.SBPOL0010",". State Bank of Pakistan's Reverse Repo Rate","8.5","Percent","Normal","","10","State Bank of Pakistan's Reverse Repo Rate"
"Structure of Interest Rate: State Bank of Pakistan Policy Rates","26-Jan-2015","TS_GP_IR_SIRPR_AH.SBPOL0020",". State Bank of Pakistan's Repo Rate","6","Percent","Normal","","20","State Bank of Pakistan's Repo Rate"
"Structure of Interest Rate: State Bank of Pakistan Policy Rates","17-Nov-2014","TS_GP_IR_SIRPR_AH.SBPOL0010",". State Bank of Pakistan's Reverse Repo Rate","9.5","Percent","Normal","","10","State Bank of Pakistan's Reverse Repo Rate"
"Structure of Interest Rate: State Bank of Pakistan Policy Rates","17-Nov-2014","TS_GP_IR_SIRPR_AH.SBPOL0020",". State Bank of Pakistan's Repo Rate","7","Percent","Normal","","20","State Bank of Pakistan's Repo Rate"
"Structure of Interest Rate: State Bank of Pakistan Policy Rates","18-Nov-2013","TS_GP_IR_SIRPR_AH.SBPOL0010",". State Bank of Pakistan's Reverse Repo Rate","10","Percent","Normal","","10","State Bank of Pakistan's Reverse Repo Rate"
"Structure of Interest Rate: State Bank of Pakistan Policy Rates","18-Nov-2013","TS_GP_IR_SIRPR_AH.SBPOL0020",". State Bank of Pakistan's Repo Rate","7.5","Percent","Normal","","20","State Bank of Pakistan's Repo Rate"
"Structure of Interest Rate: State Bank of Pakistan Policy Rates","16-Sep-2013","TS_GP_IR_SIRPR_AH.SBPOL0010",". State Bank of Pakistan's Reverse Repo Rate","9.5","Percent","Normal","","10","State Bank of Pakistan's Reverse Repo Rate"
"Structure of Interest Rate: State Bank of Pakistan Policy Rates","16-Sep-2013","TS_GP_IR_SIRPR_AH.SBPOL0020",". State Bank of Pakistan's Repo Rate","7","Percent","Normal","","20","State Bank of Pakistan's Repo Rate"
"Structure of Interest Rate: State Bank of Pakistan Policy Rates","24-Jun-2013","TS_GP_IR_SIRPR_AH.SBPOL0010",". State Bank of Pakistan's Reverse Repo Rate","9","Percent","Normal","","10","State Bank of Pakistan's Reverse Repo Rate"
"Structure of Interest Rate: State Bank of Pakistan Policy Rates","24-Jun-2013","TS_GP_IR_SIRPR_AH.SBPOL0020",". State Bank of Pakistan's Repo Rate","6.5","Percent","Normal","","20","State Bank of Pakistan's Repo Rate"
"Structure of Interest Rate: State Bank of Pakistan Policy Rates","11-Feb-2013","TS_GP_IR_SIRPR_AH.SBPOL0010",". State Bank of Pakistan's Reverse Repo Rate","9.5","Percent","Normal","","10","State Bank of Pakistan's Reverse Repo Rate"
"Structure of Interest Rate: State Bank of Pakistan Policy Rates","11-Feb-2013","TS_GP_IR_SIRPR_AH.SBPOL0020",". State Bank of Pakistan's Repo Rate","7","Percent","Normal","","20","State Bank of Pakistan's Repo Rate"
"Structure of Interest Rate: State Bank of Pakistan Policy Rates","17-Dec-2012","TS_GP_IR_SIRPR_AH.SBPOL0010",". State Bank of Pakistan's Reverse Repo Rate","9.5","Percent","Normal","","10","State Bank of Pakistan's Reverse Repo Rate"
"Structure of Interest Rate: State Bank of Pakistan Policy Rates","17-Dec-2012","TS_GP_IR_SIRPR_AH.SBPOL0020",". State Bank of Pakistan's Repo Rate","6.5","Percent","Normal","","20","State Bank of Pakistan's Repo Rate"
"Structure of Interest Rate: State Bank of Pakistan Policy Rates","08-Oct-2012","TS_GP_IR_SIRPR_AH.SBPOL0010",". State Bank of Pakistan's Reverse Repo Rate","10","Percent","Normal","","10","State Bank of Pakistan's Reverse Repo Rate"
"Structure of Interest Rate: State Bank of Pakistan Policy Rates","08-Oct-2012","TS_GP_IR_SIRPR_AH.SBPOL0020",". State Bank of Pakistan's Repo Rate","7","Percent","Normal","","20","State Bank of Pakistan's Repo Rate"
"Structure of Interest Rate: State Bank of Pakistan Policy Rates","13-Aug-2012","TS_GP_IR_SIRPR_AH.SBPOL0010",". State Bank of Pakistan's Reverse Repo Rate","10.5","Percent","Normal","","10","State Bank of Pakistan's Reverse Repo Rate"
"Structure of Interest Rate: State Bank of Pakistan Policy Rates","13-Aug-2012","TS_GP_IR_SIRPR_AH.SBPOL0020",". State Bank of Pakistan's Repo Rate","7.5","Percent","Normal","","20","State Bank of Pakistan's Repo Rate"
"Structure of Interest Rate: State Bank of Pakistan Policy Rates","10-Oct-2011","TS_GP_IR_SIRPR_AH.SBPOL0010",". State Bank of Pakistan's Reverse Repo Rate","12","Percent","Normal","","10","State Bank of Pakistan's Reverse Repo Rate"
"Structure of Interest Rate: State Bank of Pakistan Policy Rates","10-Oct-2011","TS_GP_IR_SIRPR_AH.SBPOL0020",". State Bank of Pakistan's Repo Rate","9","Percent","Normal","","20","State Bank of Pakistan's Repo Rate"
"Structure of Interest Rate: State Bank of Pakistan Policy Rates","01-Aug-2011","TS_GP_IR_SIRPR_AH.SBPOL0010",". State Bank of Pakistan's Reverse Repo Rate","13.5","Percent","Normal","","10","State Bank of Pakistan's Reverse Repo Rate"
"Structure of Interest Rate: State Bank of Pakistan Policy Rates","01-Aug-2011","TS_GP_IR_SIRPR_AH.SBPOL0020",". State Bank of Pakistan's Repo Rate","10.5","Percent","Normal","","20","State Bank of Pakistan's Repo Rate"
"Structure of Interest Rate: State Bank of Pakistan Policy Rates","30-Nov-2010","TS_GP_IR_SIRPR_AH.SBPOL0010",". State Bank of Pakistan's Reverse Repo Rate","14","Percent","Normal","","10","State Bank of Pakistan's Reverse Repo Rate"
"Structure of Interest Rate: State Bank of Pakistan Policy Rates","30-Nov-2010","TS_GP_IR_SIRPR_AH.SBPOL0020",". State Bank of Pakistan's Repo Rate","11","Percent","Normal","","20","State Bank of Pakistan's Repo Rate"
"Structure of Interest Rate: State Bank of Pakistan Policy Rates","30-Sep-2010","TS_GP_IR_SIRPR_AH.SBPOL0010",". State Bank of Pakistan's Reverse Repo Rate","13.5","Percent","Normal","","10","State Bank of Pakistan's Reverse Repo Rate"
"Structure of Interest Rate: State Bank of Pakistan Policy Rates","30-Sep-2010","TS_GP_IR_SIRPR_AH.SBPOL0020",". State Bank of Pakistan's Repo Rate","10.5","Percent","Normal","","20","State Bank of Pakistan's Repo Rate"
"Structure of Interest Rate: State Bank of Pakistan Policy Rates","02-Aug-2010","TS_GP_IR_SIRPR_AH.SBPOL0010",". State Bank of Pakistan's Reverse Repo Rate","13","Percent","Normal","","10","State Bank of Pakistan's Reverse Repo Rate"
"Structure of Interest Rate: State Bank of Pakistan Policy Rates","02-Aug-2010","TS_GP_IR_SIRPR_AH.SBPOL0020",". State Bank of Pakistan's Repo Rate","10","Percent","Normal","","20","State Bank of Pakistan's Repo Rate"
"Structure of Interest Rate: State Bank of Pakistan Policy Rates","25-Nov-2009","TS_GP_IR_SIRPR_AH.SBPOL0010",". State Bank of Pakistan's Reverse Repo Rate","12.5","Percent","Normal","","10","State Bank of Pakistan's Reverse Repo Rate"
"Structure of Interest Rate: State Bank of Pakistan Policy Rates","25-Nov-2009","TS_GP_IR_SIRPR_AH.SBPOL0020",". State Bank of Pakistan's Repo Rate","9.5","Percent","Normal","","20","State Bank of Pakistan's Repo Rate"
"Structure of Interest Rate: State Bank of Pakistan Policy Rates","17-Aug-2009","TS_GP_IR_SIRPR_AH.SBPOL0010",". State Bank of Pakistan's Reverse Repo Rate","13","Percent","Normal","","10","State Bank of Pakistan's Reverse Repo Rate"
"Structure of Interest Rate: State Bank of Pakistan Policy Rates","17-Aug-2009","TS_GP_IR_SIRPR_AH.SBPOL0020",". State Bank of Pakistan's Repo Rate","10","Percent","Normal","","20","State Bank of Pakistan's Repo Rate"
"Structure of Interest Rate: State Bank of Pakistan Policy Rates","21-Apr-2009","TS_GP_IR_SIRPR_AH.SBPOL0010",". State Bank of Pakistan's Reverse Repo Rate","14","Percent","Normal","","10","State Bank of Pakistan's Reverse Repo Rate"
"Structure of Interest Rate: State Bank of Pakistan Policy Rates","13-Nov-2008","TS_GP_IR_SIRPR_AH.SBPOL0010",". State Bank of Pakistan's Reverse Repo Rate","15","Percent","Normal","","10","State Bank of Pakistan's Reverse Repo Rate"
"Structure of Interest Rate: State Bank of Pakistan Policy Rates","30-Jul-2008","TS_GP_IR_SIRPR_AH.SBPOL0010",". State Bank of Pakistan's Reverse Repo Rate","13","Percent","Normal","","10","State Bank of Pakistan's Reverse Repo Rate"
"Structure of Interest Rate: State Bank of Pakistan Policy Rates","23-May-2008","TS_GP_IR_SIRPR_AH.SBPOL0010",". State Bank of Pakistan's Reverse Repo Rate","12","Percent","Normal","","10","State Bank of Pakistan's Reverse Repo Rate"
"Structure of Interest Rate: State Bank of Pakistan Policy Rates","01-Feb-2008","TS_GP_IR_SIRPR_AH.SBPOL0010",". State Bank of Pakistan's Reverse Repo Rate","10.5","Percent","Normal","","10","State Bank of Pakistan's Reverse Repo Rate"
"Structure of Interest Rate: State Bank of Pakistan Policy Rates","01-Aug-2007","TS_GP_IR_SIRPR_AH.SBPOL0010",". State Bank of Pakistan's Reverse Repo Rate","10","Percent","Normal","","10","State Bank of Pakistan's Reverse Repo Rate"
"Structure of Interest Rate: State Bank of Pakistan Policy Rates","31-Jul-2006","TS_GP_IR_SIRPR_AH.SBPOL0010",". State Bank of Pakistan's Reverse Repo Rate","9.5","Percent","Normal","","10","State Bank of Pakistan's Reverse Repo Rate"
"Structure of Interest Rate: State Bank of Pakistan Policy Rates","11-Apr-2005","TS_GP_IR_SIRPR_AH.SBPOL0010",". State Bank of Pakistan's Reverse Repo Rate","9","Percent","Normal","","10","State Bank of Pakistan's Reverse Repo Rate"
"Structure of Interest Rate: State Bank of Pakistan Policy Rates","18-Nov-2002","TS_GP_IR_SIRPR_AH.SBPOL0010",". State Bank of Pakistan's Reverse Repo Rate","7.5","Percent","Normal","","10","State Bank of Pakistan's Reverse Repo Rate"
"Structure of Interest Rate: State Bank of Pakistan Policy Rates","23-Jan-2002","TS_GP_IR_SIRPR_AH.SBPOL0010",". State Bank of Pakistan's Reverse Repo Rate","9","Percent","Normal","","10","State Bank of Pakistan's Reverse Repo Rate"
"Structure of Interest Rate: State Bank of Pakistan Policy Rates","22-Oct-2001","TS_GP_IR_SIRPR_AH.SBPOL0010",". State Bank of Pakistan's Reverse Repo Rate","10","Percent","Normal","","10","State Bank of Pakistan's Reverse Repo Rate"
"Structure of Interest Rate: State Bank of Pakistan Policy Rates","17-Aug-2001","TS_GP_IR_SIRPR_AH.SBPOL0010",". State Bank of Pakistan's Reverse Repo Rate","12","Percent","Normal","","10","State Bank of Pakistan's Reverse Repo Rate"
"Structure of Interest Rate: State Bank of Pakistan Policy Rates","19-Jul-2001","TS_GP_IR_SIRPR_AH.SBPOL0010",". State Bank of Pakistan's Reverse Repo Rate","13","Percent","Normal","","10","State Bank of Pakistan's Reverse Repo Rate"
"Structure of Interest Rate: State Bank of Pakistan Policy Rates","07-Jun-2001","TS_GP_IR_SIRPR_AH.SBPOL0010",". State Bank of Pakistan's Reverse Repo Rate","14","Percent","Normal","","10","State Bank of Pakistan's Reverse Repo Rate"
"Structure of Interest Rate: State Bank of Pakistan Policy Rates","05-Oct-2000","TS_GP_IR_SIRPR_AH.SBPOL0010",". State Bank of Pakistan's Reverse Repo Rate","13","Percent","Normal","","10","State Bank of Pakistan's Reverse Repo Rate"
"Structure of Interest Rate: State Bank of Pakistan Policy Rates","19-Sep-2000","TS_GP_IR_SIRPR_AH.SBPOL0010",". State Bank of Pakistan's Reverse Repo Rate","12","Percent","Normal","","10","State Bank of Pakistan's Reverse Repo Rate"
"Structure of Interest Rate: State Bank of Pakistan Policy Rates","05-Jan-2000","TS_GP_IR_SIRPR_AH.SBPOL0010",". State Bank of Pakistan's Reverse Repo Rate","11","Percent","Normal","","10","State Bank of Pakistan's Reverse Repo Rate"
"Structure of Interest Rate: State Bank of Pakistan Policy Rates","19-May-1999","TS_GP_IR_SIRPR_AH.SBPOL0010",". State Bank of Pakistan's Reverse Repo Rate","13","Percent","Normal","","10","State Bank of Pakistan's Reverse Repo Rate"
"Structure of Interest Rate: State Bank of Pakistan Policy Rates","03-Apr-1999","TS_GP_IR_SIRPR_AH.SBPOL0010",". State Bank of Pakistan's Reverse Repo Rate","14","Percent","Normal","","10","State Bank of Pakistan's Reverse Repo Rate"
"Structure of Interest Rate: State Bank of Pakistan Policy Rates","04-Mar-1999","TS_GP_IR_SIRPR_AH.SBPOL0010",". State Bank of Pakistan's Reverse Repo Rate","15.5","Percent","Normal","","10","State Bank of Pakistan's Reverse Repo Rate"
"Structure of Interest Rate: State Bank of Pakistan Policy Rates","01-Jul-1998","TS_GP_IR_SIRPR_AH.SBPOL0010",". State Bank of Pakistan's Reverse Repo Rate","16.5","Percent","Normal","","10","State Bank of Pakistan's Reverse Repo Rate"
"Structure of Interest Rate: State Bank of Pakistan Policy Rates","29-Oct-1997","TS_GP_IR_SIRPR_AH.SBPOL0010",". State Bank of Pakistan's Reverse Repo Rate","18","Percent","Normal","","10","State Bank of Pakistan's Reverse Repo Rate"
"Structure of Interest Rate: State Bank of Pakistan Policy Rates","28-Jul-1997","TS_GP_IR_SIRPR_AH.SBPOL0010",". State Bank of Pakistan's Reverse Repo Rate","18.5","Percent","Normal","","10","State Bank of Pakistan's Reverse Repo Rate"
"Structure of Interest Rate: State Bank of Pakistan Policy Rates","18-Jun-1997","TS_GP_IR_SIRPR_AH.SBPOL0010",". State Bank of Pakistan's Reverse Repo Rate","19","Percent","Normal","","10","State Bank of Pakistan's Reverse Repo Rate"
"Structure of Interest Rate: State Bank of Pakistan Policy Rates","22-Oct-1996","TS_GP_IR_SIRPR_AH.SBPOL0010",". State Bank of Pakistan's Reverse Repo Rate","20","Percent","Normal","","10","State Bank of Pakistan's Reverse Repo Rate"
"Structure of Interest Rate: State Bank of Pakistan Policy Rates","11-Dec-1995","TS_GP_IR_SIRPR_AH.SBPOL0010",". State Bank of Pakistan's Reverse Repo Rate","17","Percent","Normal","","10","State Bank of Pakistan's Reverse Repo Rate"
"Structure of Interest Rate: State Bank of Pakistan Policy Rates","29-Oct-1995","TS_GP_IR_SIRPR_AH.SBPOL0010",". State Bank of Pakistan's Reverse Repo Rate","16.5","Percent","Normal","","10","State Bank of Pakistan's Reverse Repo Rate"
"Structure of Interest Rate: State Bank of Pakistan Policy Rates","06-Feb-1995","TS_GP_IR_SIRPR_AH.SBPOL0010",". State Bank of Pakistan's Reverse Repo Rate","15.5","Percent","Normal","","10","State Bank of Pakistan's Reverse Repo Rate"
"Structure of Interest Rate: State Bank of Pakistan Policy Rates","01-Mar-1994","TS_GP_IR_SIRPR_AH.SBPOL0010",". State Bank of Pakistan's Reverse Repo Rate","15","Percent","Normal","","10","State Bank of Pakistan's Reverse Repo Rate"
"Structure of Interest Rate: State Bank of Pakistan Policy Rates","16-Aug-1993","TS_GP_IR_SIRPR_AH.SBPOL0010",". State Bank of Pakistan's Reverse Repo Rate","17","Percent","Normal","","10","State Bank of Pakistan's Reverse Repo Rate"
"Structure of Interest Rate: State Bank of Pakistan Policy Rates","06-Dec-1992","TS_GP_IR_SIRPR_AH.SBPOL0010",". State Bank of Pakistan's Reverse Repo Rate","15","Percent","Normal","","10","State Bank of Pakistan's Reverse Repo Rate"
"Structure of Interest Rate: State Bank of Pakistan Policy Rates","15-Jan-1992","TS_GP_IR_SIRPR_AH.SBPOL0010",". State Bank of Pakistan's Reverse Repo Rate","14","Percent","Normal","","10","State Bank of Pakistan's Reverse Repo Rate"
"Structure of Interest Rate: State Bank of Pakistan Policy Rates","10-Oct-1991","TS_GP_IR_SIRPR_AH.SBPOL0010",". State Bank of Pakistan's Reverse Repo Rate","13","Percent","Normal","","10","State Bank of Pakistan's Reverse Repo Rate"
"Structure of Interest Rate: State Bank of Pakistan Policy Rates","07-Jun-1977","TS_GP_IR_SIRPR_AH.SBPOL0010",". State Bank of Pakistan's Reverse Repo Rate","10","Percent","Normal","","10","State Bank of Pakistan's Reverse Repo Rate"
"Structure of Interest Rate: State Bank of Pakistan Policy Rates","03-Sep-1974","TS_GP_IR_SIRPR_AH.SBPOL0010",". State Bank of Pakistan's Reverse Repo Rate","9","Percent","Normal","","10","State Bank of Pakistan's Reverse Repo Rate"
"Structure of Interest Rate: State Bank of Pakistan Policy Rates","16-Aug-1973","TS_GP_IR_SIRPR_AH.SBPOL0010",". State Bank of Pakistan's Reverse Repo Rate","8","Percent","Normal","","10","State Bank of Pakistan's Reverse Repo Rate"
"Structure of Interest Rate: State Bank of Pakistan Policy Rates","12-May-1972","TS_GP_IR_SIRPR_AH.SBPOL0010",". State Bank of Pakistan's Reverse Repo Rate","6","Percent","Normal","","10","State Bank of Pakistan's Reverse Repo Rate"
"Structure of Interest Rate: State Bank of Pakistan Policy Rates","15-Jun-1965","TS_GP_IR_SIRPR_AH.SBPOL0010",". State Bank of Pakistan's Reverse Repo Rate","5","Percent","Normal","","10","State Bank of Pakistan's Reverse Repo Rate"
"Structure of Interest Rate: State Bank of Pakistan Policy Rates","15-Jan-1959","TS_GP_IR_SIRPR_AH.SBPOL0010",". State Bank of Pakistan's Reverse Repo Rate","4","Percent","Normal","","10","State Bank of Pakistan's Reverse Repo Rate"
"Structure of Interest Rate: State Bank of Pakistan Policy Rates","01-Jan-1956","TS_GP_IR_SIRPR_AH.SBPOL0010",". State Bank of Pakistan's Reverse Repo Rate","3","Percent","Normal","","10","State Bank of Pakistan's Reverse Repo Rate"
