"Dataset Name","Observation Date","Series Key","Series Display Name","Observation Value","Unit","Observation Status","Observation Status Comment","Sequence No.","Series name"
"Quarterly GDP at Constant Basic Prices of 2015-16","31-Dec-2024","TS_GP_RS_QGDP1516_Q.QGDP00070000","A. Gross Domestic Product (Total of Gross Value Addition at Constant Basic Prices(2015-16))","10135261","Million PKR","Normal","","100","Gross Domestic Product (Total of Gross Value Addition at Constant Basic Prices(2015-16))"
"Quarterly GDP at Constant Basic Prices of 2015-16","31-Dec-2024","TS_GP_RS_QGDP1516_Q.QGDP00080000","B. Growth Rate of Gross Domestic Product (Total of Gross Value Addition at Constant Factor Cost(2015-16))","1.73","Percent","Normal","","200","Growth Rate of Real Gross Domestic Product"
"Quarterly GDP at Constant Basic Prices of 2015-16","31-Dec-2024","TS_GP_RS_QGDP1516_Q.QGDP00010000","......I(a). Agricultural Sector","2390415","Million PKR","Normal","","300","Agricultural Sector"
"Quarterly GDP at Constant Basic Prices of 2015-16","31-Dec-2024","TS_GP_RS_QGDP1516_Q.QGDP00020000","......I(b). Growth Rate of Agriculture Sector","1.1","Percent","Normal","","400","Growth Rate of Agriculture Sector"
"Quarterly GDP at Constant Basic Prices of 2015-16","31-Dec-2024","TS_GP_RS_QGDP1516_Q.QGDP00030000","......II(a). Industrial Sector","1760040","Million PKR","Normal","","500","Industrial Sector"
"Quarterly GDP at Constant Basic Prices of 2015-16","31-Dec-2024","TS_GP_RS_QGDP1516_Q.QGDP00040000","......II(b). Growth Rate of Industrial Sector","-.18","Percent","Normal","","600","Growth Rate of Industry Sector"
"Quarterly GDP at Constant Basic Prices of 2015-16","31-Dec-2024","TS_GP_RS_QGDP1516_Q.QGDP00050000","......III(a). Services Sector","5984805","Million PKR","Normal","","700","Services Sector"
"Quarterly GDP at Constant Basic Prices of 2015-16","31-Dec-2024","TS_GP_RS_QGDP1516_Q.QGDP00060000","......III(b). Growth Rate of Services Sector","2.57","Percent","Normal","","800","Growth Rate of Services Sector"
"Quarterly GDP at Constant Basic Prices of 2015-16","30-Sep-2024","TS_GP_RS_QGDP1516_Q.QGDP00070000","A. Gross Domestic Product (Total of Gross Value Addition at Constant Basic Prices(2015-16))","10037291","Million PKR","Normal","","100","Gross Domestic Product (Total of Gross Value Addition at Constant Basic Prices(2015-16))"
"Quarterly GDP at Constant Basic Prices of 2015-16","30-Sep-2024","TS_GP_RS_QGDP1516_Q.QGDP00080000","B. Growth Rate of Gross Domestic Product (Total of Gross Value Addition at Constant Factor Cost(2015-16))","1.34","Percent","Normal","","200","Growth Rate of Real Gross Domestic Product"
"Quarterly GDP at Constant Basic Prices of 2015-16","30-Sep-2024","TS_GP_RS_QGDP1516_Q.QGDP00010000","......I(a). Agricultural Sector","2461422","Million PKR","Normal","","300","Agricultural Sector"
"Quarterly GDP at Constant Basic Prices of 2015-16","30-Sep-2024","TS_GP_RS_QGDP1516_Q.QGDP00020000","......I(b). Growth Rate of Agriculture Sector",".74","Percent","Normal","","400","Growth Rate of Agriculture Sector"
"Quarterly GDP at Constant Basic Prices of 2015-16","30-Sep-2024","TS_GP_RS_QGDP1516_Q.QGDP00030000","......II(a). Industrial Sector","1728070","Million PKR","Normal","","500","Industrial Sector"
"Quarterly GDP at Constant Basic Prices of 2015-16","30-Sep-2024","TS_GP_RS_QGDP1516_Q.QGDP00040000","......II(b). Growth Rate of Industrial Sector","-.66","Percent","Normal","","600","Growth Rate of Industry Sector"
"Quarterly GDP at Constant Basic Prices of 2015-16","30-Sep-2024","TS_GP_RS_QGDP1516_Q.QGDP00050000","......III(a). Services Sector","5847799","Million PKR","Normal","","700","Services Sector"
"Quarterly GDP at Constant Basic Prices of 2015-16","30-Sep-2024","TS_GP_RS_QGDP1516_Q.QGDP00060000","......III(b). Growth Rate of Services Sector","2.21","Percent","Normal","","800","Growth Rate of Services Sector"
"Quarterly GDP at Constant Basic Prices of 2015-16","30-Jun-2024","TS_GP_RS_QGDP1516_Q.QGDP00070000","A. Gross Domestic Product (Total of Gross Value Addition at Constant Basic Prices(2015-16))","9838989","Million PKR","Normal","","100","Gross Domestic Product (Total of Gross Value Addition at Constant Basic Prices(2015-16))"
"Quarterly GDP at Constant Basic Prices of 2015-16","30-Jun-2024","TS_GP_RS_QGDP1516_Q.QGDP00080000","B. Growth Rate of Gross Domestic Product (Total of Gross Value Addition at Constant Factor Cost(2015-16))","3.31","Percent","Normal","","200","Growth Rate of Real Gross Domestic Product"
"Quarterly GDP at Constant Basic Prices of 2015-16","30-Jun-2024","TS_GP_RS_QGDP1516_Q.QGDP00010000","......I(a). Agricultural Sector","2385488","Million PKR","Normal","","300","Agricultural Sector"
"Quarterly GDP at Constant Basic Prices of 2015-16","30-Jun-2024","TS_GP_RS_QGDP1516_Q.QGDP00020000","......I(b). Growth Rate of Agriculture Sector","7.06","Percent","Normal","","400","Growth Rate of Agriculture Sector"
"Quarterly GDP at Constant Basic Prices of 2015-16","30-Jun-2024","TS_GP_RS_QGDP1516_Q.QGDP00030000","......II(a). Industrial Sector","1693194","Million PKR","Normal","","500","Industrial Sector"
"Quarterly GDP at Constant Basic Prices of 2015-16","30-Jun-2024","TS_GP_RS_QGDP1516_Q.QGDP00040000","......II(b). Growth Rate of Industrial Sector","-3.07","Percent","Normal","","600","Growth Rate of Industry Sector"
"Quarterly GDP at Constant Basic Prices of 2015-16","30-Jun-2024","TS_GP_RS_QGDP1516_Q.QGDP00050000","......III(a). Services Sector","5760306","Million PKR","Normal","","700","Services Sector"
"Quarterly GDP at Constant Basic Prices of 2015-16","30-Jun-2024","TS_GP_RS_QGDP1516_Q.QGDP00060000","......III(b). Growth Rate of Services Sector","3.81","Percent","Normal","","800","Growth Rate of Services Sector"
"Quarterly GDP at Constant Basic Prices of 2015-16","31-Mar-2024","TS_GP_RS_QGDP1516_Q.QGDP00070000","A. Gross Domestic Product (Total of Gross Value Addition at Constant Basic Prices(2015-16))","10038733","Million PKR","Normal","","100","Gross Domestic Product (Total of Gross Value Addition at Constant Basic Prices(2015-16))"
"Quarterly GDP at Constant Basic Prices of 2015-16","31-Mar-2024","TS_GP_RS_QGDP1516_Q.QGDP00080000","B. Growth Rate of Gross Domestic Product (Total of Gross Value Addition at Constant Factor Cost(2015-16))","2.66","Percent","Normal","","200","Growth Rate of Real Gross Domestic Product"
"Quarterly GDP at Constant Basic Prices of 2015-16","31-Mar-2024","TS_GP_RS_QGDP1516_Q.QGDP00010000","......I(a). Agricultural Sector","2338238","Million PKR","Normal","","300","Agricultural Sector"
"Quarterly GDP at Constant Basic Prices of 2015-16","31-Mar-2024","TS_GP_RS_QGDP1516_Q.QGDP00020000","......I(b). Growth Rate of Agriculture Sector","3.76","Percent","Normal","","400","Growth Rate of Agriculture Sector"
"Quarterly GDP at Constant Basic Prices of 2015-16","31-Mar-2024","TS_GP_RS_QGDP1516_Q.QGDP00030000","......II(a). Industrial Sector","1829794","Million PKR","Normal","","500","Industrial Sector"
"Quarterly GDP at Constant Basic Prices of 2015-16","31-Mar-2024","TS_GP_RS_QGDP1516_Q.QGDP00040000","......II(b). Growth Rate of Industrial Sector","3.34","Percent","Normal","","600","Growth Rate of Industry Sector"
"Quarterly GDP at Constant Basic Prices of 2015-16","31-Mar-2024","TS_GP_RS_QGDP1516_Q.QGDP00050000","......III(a). Services Sector","5870701","Million PKR","Normal","","700","Services Sector"
"Quarterly GDP at Constant Basic Prices of 2015-16","31-Mar-2024","TS_GP_RS_QGDP1516_Q.QGDP00060000","......III(b). Growth Rate of Services Sector","2.01","Percent","Normal","","800","Growth Rate of Services Sector"
"Quarterly GDP at Constant Basic Prices of 2015-16","31-Dec-2023","TS_GP_RS_QGDP1516_Q.QGDP00070000","A. Gross Domestic Product (Total of Gross Value Addition at Constant Basic Prices(2015-16))","9962721","Million PKR","Normal","","100","Gross Domestic Product (Total of Gross Value Addition at Constant Basic Prices(2015-16))"
"Quarterly GDP at Constant Basic Prices of 2015-16","31-Dec-2023","TS_GP_RS_QGDP1516_Q.QGDP00080000","B. Growth Rate of Gross Domestic Product (Total of Gross Value Addition at Constant Factor Cost(2015-16))","1.77","Percent","Normal","","200","Growth Rate of Real Gross Domestic Product"
"Quarterly GDP at Constant Basic Prices of 2015-16","31-Dec-2023","TS_GP_RS_QGDP1516_Q.QGDP00010000","......I(a). Agricultural Sector","2364504","Million PKR","Normal","","300","Agricultural Sector"
"Quarterly GDP at Constant Basic Prices of 2015-16","31-Dec-2023","TS_GP_RS_QGDP1516_Q.QGDP00020000","......I(b). Growth Rate of Agriculture Sector","5.82","Percent","Normal","","400","Growth Rate of Agriculture Sector"
"Quarterly GDP at Constant Basic Prices of 2015-16","31-Dec-2023","TS_GP_RS_QGDP1516_Q.QGDP00030000","......II(a). Industrial Sector","1763295","Million PKR","Normal","","500","Industrial Sector"
"Quarterly GDP at Constant Basic Prices of 2015-16","31-Dec-2023","TS_GP_RS_QGDP1516_Q.QGDP00040000","......II(b). Growth Rate of Industrial Sector","-1.81","Percent","Normal","","600","Growth Rate of Industry Sector"
"Quarterly GDP at Constant Basic Prices of 2015-16","31-Dec-2023","TS_GP_RS_QGDP1516_Q.QGDP00050000","......III(a). Services Sector","5834923","Million PKR","Normal","","700","Services Sector"
"Quarterly GDP at Constant Basic Prices of 2015-16","31-Dec-2023","TS_GP_RS_QGDP1516_Q.QGDP00060000","......III(b). Growth Rate of Services Sector","1.32","Percent","Normal","","800","Growth Rate of Services Sector"
"Quarterly GDP at Constant Basic Prices of 2015-16","30-Sep-2023","TS_GP_RS_QGDP1516_Q.QGDP00070000","A. Gross Domestic Product (Total of Gross Value Addition at Constant Basic Prices(2015-16))","9904172","Million PKR","Normal","","100","Gross Domestic Product (Total of Gross Value Addition at Constant Basic Prices(2015-16))"
"Quarterly GDP at Constant Basic Prices of 2015-16","30-Sep-2023","TS_GP_RS_QGDP1516_Q.QGDP00080000","B. Growth Rate of Gross Domestic Product (Total of Gross Value Addition at Constant Factor Cost(2015-16))","2.46","Percent","Normal","","200","Growth Rate of Real Gross Domestic Product"
"Quarterly GDP at Constant Basic Prices of 2015-16","30-Sep-2023","TS_GP_RS_QGDP1516_Q.QGDP00010000","......I(a). Agricultural Sector","2443298","Million PKR","Normal","","300","Agricultural Sector"
"Quarterly GDP at Constant Basic Prices of 2015-16","30-Sep-2023","TS_GP_RS_QGDP1516_Q.QGDP00020000","......I(b). Growth Rate of Agriculture Sector","8.17","Percent","Normal","","400","Growth Rate of Agriculture Sector"
"Quarterly GDP at Constant Basic Prices of 2015-16","30-Sep-2023","TS_GP_RS_QGDP1516_Q.QGDP00030000","......II(a). Industrial Sector","1739562","Million PKR","Normal","","500","Industrial Sector"
"Quarterly GDP at Constant Basic Prices of 2015-16","30-Sep-2023","TS_GP_RS_QGDP1516_Q.QGDP00040000","......II(b). Growth Rate of Industrial Sector","-4.85","Percent","Normal","","600","Growth Rate of Industry Sector"
"Quarterly GDP at Constant Basic Prices of 2015-16","30-Sep-2023","TS_GP_RS_QGDP1516_Q.QGDP00050000","......III(a). Services Sector","5721313","Million PKR","Normal","","700","Services Sector"
"Quarterly GDP at Constant Basic Prices of 2015-16","30-Sep-2023","TS_GP_RS_QGDP1516_Q.QGDP00060000","......III(b). Growth Rate of Services Sector","2.54","Percent","Normal","","800","Growth Rate of Services Sector"
"Quarterly GDP at Constant Basic Prices of 2015-16","30-Jun-2023","TS_GP_RS_QGDP1516_Q.QGDP00070000","A. Gross Domestic Product (Total of Gross Value Addition at Constant Basic Prices(2015-16))","9523867","Million PKR","Normal","","100","Gross Domestic Product (Total of Gross Value Addition at Constant Basic Prices(2015-16))"
"Quarterly GDP at Constant Basic Prices of 2015-16","30-Jun-2023","TS_GP_RS_QGDP1516_Q.QGDP00080000","B. Growth Rate of Gross Domestic Product (Total of Gross Value Addition at Constant Factor Cost(2015-16))","-3.52","Percent","Normal","","200","Growth Rate of Real Gross Domestic Product"
"Quarterly GDP at Constant Basic Prices of 2015-16","30-Jun-2023","TS_GP_RS_QGDP1516_Q.QGDP00010000","......I(a). Agricultural Sector","2228246","Million PKR","Normal","","300","Agricultural Sector"
"Quarterly GDP at Constant Basic Prices of 2015-16","30-Jun-2023","TS_GP_RS_QGDP1516_Q.QGDP00020000","......I(b). Growth Rate of Agriculture Sector","1.55","Percent","Normal","","400","Growth Rate of Agriculture Sector"
"Quarterly GDP at Constant Basic Prices of 2015-16","30-Jun-2023","TS_GP_RS_QGDP1516_Q.QGDP00030000","......II(a). Industrial Sector","1746809","Million PKR","Normal","","500","Industrial Sector"
"Quarterly GDP at Constant Basic Prices of 2015-16","30-Jun-2023","TS_GP_RS_QGDP1516_Q.QGDP00040000","......II(b). Growth Rate of Industrial Sector","-9.33","Percent","Normal","","600","Growth Rate of Industry Sector"
"Quarterly GDP at Constant Basic Prices of 2015-16","30-Jun-2023","TS_GP_RS_QGDP1516_Q.QGDP00050000","......III(a). Services Sector","5548811","Million PKR","Normal","","700","Services Sector"
"Quarterly GDP at Constant Basic Prices of 2015-16","30-Jun-2023","TS_GP_RS_QGDP1516_Q.QGDP00060000","......III(b). Growth Rate of Services Sector","-3.51","Percent","Normal","","800","Growth Rate of Services Sector"
"Quarterly GDP at Constant Basic Prices of 2015-16","31-Mar-2023","TS_GP_RS_QGDP1516_Q.QGDP00070000","A. Gross Domestic Product (Total of Gross Value Addition at Constant Basic Prices(2015-16))","9778851","Million PKR","Normal","","100","Gross Domestic Product (Total of Gross Value Addition at Constant Basic Prices(2015-16))"
"Quarterly GDP at Constant Basic Prices of 2015-16","31-Mar-2023","TS_GP_RS_QGDP1516_Q.QGDP00080000","B. Growth Rate of Gross Domestic Product (Total of Gross Value Addition at Constant Factor Cost(2015-16))","-1.13","Percent","Normal","","200","Growth Rate of Real Gross Domestic Product"
"Quarterly GDP at Constant Basic Prices of 2015-16","31-Mar-2023","TS_GP_RS_QGDP1516_Q.QGDP00010000","......I(a). Agricultural Sector","2253496","Million PKR","Normal","","300","Agricultural Sector"
"Quarterly GDP at Constant Basic Prices of 2015-16","31-Mar-2023","TS_GP_RS_QGDP1516_Q.QGDP00020000","......I(b). Growth Rate of Agriculture Sector","3.93","Percent","Normal","","400","Growth Rate of Agriculture Sector"
"Quarterly GDP at Constant Basic Prices of 2015-16","31-Mar-2023","TS_GP_RS_QGDP1516_Q.QGDP00030000","......II(a). Industrial Sector","1770602","Million PKR","Normal","","500","Industrial Sector"
"Quarterly GDP at Constant Basic Prices of 2015-16","31-Mar-2023","TS_GP_RS_QGDP1516_Q.QGDP00040000","......II(b). Growth Rate of Industrial Sector","-6.68","Percent","Normal","","600","Growth Rate of Industry Sector"
"Quarterly GDP at Constant Basic Prices of 2015-16","31-Mar-2023","TS_GP_RS_QGDP1516_Q.QGDP00050000","......III(a). Services Sector","5754754","Million PKR","Normal","","700","Services Sector"
"Quarterly GDP at Constant Basic Prices of 2015-16","31-Mar-2023","TS_GP_RS_QGDP1516_Q.QGDP00060000","......III(b). Growth Rate of Services Sector","-1.2","Percent","Normal","","800","Growth Rate of Services Sector"
"Quarterly GDP at Constant Basic Prices of 2015-16","31-Dec-2022","TS_GP_RS_QGDP1516_Q.QGDP00070000","A. Gross Domestic Product (Total of Gross Value Addition at Constant Basic Prices(2015-16))","9789165","Million PKR","Normal","","100","Gross Domestic Product (Total of Gross Value Addition at Constant Basic Prices(2015-16))"
"Quarterly GDP at Constant Basic Prices of 2015-16","31-Dec-2022","TS_GP_RS_QGDP1516_Q.QGDP00080000","B. Growth Rate of Gross Domestic Product (Total of Gross Value Addition at Constant Factor Cost(2015-16))","2.45","Percent","Normal","","200","Growth Rate of Real Gross Domestic Product"
"Quarterly GDP at Constant Basic Prices of 2015-16","31-Dec-2022","TS_GP_RS_QGDP1516_Q.QGDP00010000","......I(a). Agricultural Sector","2234498","Million PKR","Normal","","300","Agricultural Sector"
"Quarterly GDP at Constant Basic Prices of 2015-16","31-Dec-2022","TS_GP_RS_QGDP1516_Q.QGDP00020000","......I(b). Growth Rate of Agriculture Sector","3.43","Percent","Normal","","400","Growth Rate of Agriculture Sector"
"Quarterly GDP at Constant Basic Prices of 2015-16","31-Dec-2022","TS_GP_RS_QGDP1516_Q.QGDP00030000","......II(a). Industrial Sector","1795716","Million PKR","Normal","","500","Industrial Sector"
"Quarterly GDP at Constant Basic Prices of 2015-16","31-Dec-2022","TS_GP_RS_QGDP1516_Q.QGDP00040000","......II(b). Growth Rate of Industrial Sector","1.65","Percent","Normal","","600","Growth Rate of Industry Sector"
"Quarterly GDP at Constant Basic Prices of 2015-16","31-Dec-2022","TS_GP_RS_QGDP1516_Q.QGDP00050000","......III(a). Services Sector","5758951","Million PKR","Normal","","700","Services Sector"
"Quarterly GDP at Constant Basic Prices of 2015-16","31-Dec-2022","TS_GP_RS_QGDP1516_Q.QGDP00060000","......III(b). Growth Rate of Services Sector","2.33","Percent","Normal","","800","Growth Rate of Services Sector"
"Quarterly GDP at Constant Basic Prices of 2015-16","30-Sep-2022","TS_GP_RS_QGDP1516_Q.QGDP00070000","A. Gross Domestic Product (Total of Gross Value Addition at Constant Basic Prices(2015-16))","9666555","Million PKR","Normal","","100","Gross Domestic Product (Total of Gross Value Addition at Constant Basic Prices(2015-16))"
"Quarterly GDP at Constant Basic Prices of 2015-16","30-Sep-2022","TS_GP_RS_QGDP1516_Q.QGDP00080000","B. Growth Rate of Gross Domestic Product (Total of Gross Value Addition at Constant Factor Cost(2015-16))","1.47","Percent","Normal","","200","Growth Rate of Real Gross Domestic Product"
"Quarterly GDP at Constant Basic Prices of 2015-16","30-Sep-2022","TS_GP_RS_QGDP1516_Q.QGDP00010000","......I(a). Agricultural Sector","2258829","Million PKR","Normal","","300","Agricultural Sector"
"Quarterly GDP at Constant Basic Prices of 2015-16","30-Sep-2022","TS_GP_RS_QGDP1516_Q.QGDP00020000","......I(b). Growth Rate of Agriculture Sector",".14","Percent","Normal","","400","Growth Rate of Agriculture Sector"
"Quarterly GDP at Constant Basic Prices of 2015-16","30-Sep-2022","TS_GP_RS_QGDP1516_Q.QGDP00030000","......II(a). Industrial Sector","1828199","Million PKR","Normal","","500","Industrial Sector"
"Quarterly GDP at Constant Basic Prices of 2015-16","30-Sep-2022","TS_GP_RS_QGDP1516_Q.QGDP00040000","......II(b). Growth Rate of Industrial Sector","-.16","Percent","Normal","","600","Growth Rate of Industry Sector"
"Quarterly GDP at Constant Basic Prices of 2015-16","30-Sep-2022","TS_GP_RS_QGDP1516_Q.QGDP00050000","......III(a). Services Sector","5579527","Million PKR","Normal","","700","Services Sector"
"Quarterly GDP at Constant Basic Prices of 2015-16","30-Sep-2022","TS_GP_RS_QGDP1516_Q.QGDP00060000","......III(b). Growth Rate of Services Sector","2.58","Percent","Normal","","800","Growth Rate of Services Sector"
"Quarterly GDP at Constant Basic Prices of 2015-16","30-Jun-2022","TS_GP_RS_QGDP1516_Q.QGDP00070000","A. Gross Domestic Product (Total of Gross Value Addition at Constant Basic Prices(2015-16))","9871483","Million PKR","Normal","","100","Gross Domestic Product (Total of Gross Value Addition at Constant Basic Prices(2015-16))"
"Quarterly GDP at Constant Basic Prices of 2015-16","30-Jun-2022","TS_GP_RS_QGDP1516_Q.QGDP00080000","B. Growth Rate of Gross Domestic Product (Total of Gross Value Addition at Constant Factor Cost(2015-16))","7.36","Percent","Normal","","200","Growth Rate of Real Gross Domestic Product"
"Quarterly GDP at Constant Basic Prices of 2015-16","30-Jun-2022","TS_GP_RS_QGDP1516_Q.QGDP00010000","......I(a). Agricultural Sector","2194134","Million PKR","Normal","","300","Agricultural Sector"
"Quarterly GDP at Constant Basic Prices of 2015-16","30-Jun-2022","TS_GP_RS_QGDP1516_Q.QGDP00020000","......I(b). Growth Rate of Agriculture Sector","4.38","Percent","Normal","","400","Growth Rate of Agriculture Sector"
"Quarterly GDP at Constant Basic Prices of 2015-16","30-Jun-2022","TS_GP_RS_QGDP1516_Q.QGDP00030000","......II(a). Industrial Sector","1926489","Million PKR","Normal","","500","Industrial Sector"
"Quarterly GDP at Constant Basic Prices of 2015-16","30-Jun-2022","TS_GP_RS_QGDP1516_Q.QGDP00040000","......II(b). Growth Rate of Industrial Sector","11.34","Percent","Normal","","600","Growth Rate of Industry Sector"
"Quarterly GDP at Constant Basic Prices of 2015-16","30-Jun-2022","TS_GP_RS_QGDP1516_Q.QGDP00050000","......III(a). Services Sector","5750860","Million PKR","Normal","","700","Services Sector"
"Quarterly GDP at Constant Basic Prices of 2015-16","30-Jun-2022","TS_GP_RS_QGDP1516_Q.QGDP00060000","......III(b). Growth Rate of Services Sector","7.24","Percent","Normal","","800","Growth Rate of Services Sector"
"Quarterly GDP at Constant Basic Prices of 2015-16","31-Mar-2022","TS_GP_RS_QGDP1516_Q.QGDP00070000","A. Gross Domestic Product (Total of Gross Value Addition at Constant Basic Prices(2015-16))","9890411","Million PKR","Normal","","100","Gross Domestic Product (Total of Gross Value Addition at Constant Basic Prices(2015-16))"
"Quarterly GDP at Constant Basic Prices of 2015-16","31-Mar-2022","TS_GP_RS_QGDP1516_Q.QGDP00080000","B. Growth Rate of Gross Domestic Product (Total of Gross Value Addition at Constant Factor Cost(2015-16))","6.76","Percent","Normal","","200","Growth Rate of Real Gross Domestic Product"
"Quarterly GDP at Constant Basic Prices of 2015-16","31-Mar-2022","TS_GP_RS_QGDP1516_Q.QGDP00010000","......I(a). Agricultural Sector","2168286","Million PKR","Normal","","300","Agricultural Sector"
"Quarterly GDP at Constant Basic Prices of 2015-16","31-Mar-2022","TS_GP_RS_QGDP1516_Q.QGDP00020000","......I(b). Growth Rate of Agriculture Sector","4.21","Percent","Normal","","400","Growth Rate of Agriculture Sector"
"Quarterly GDP at Constant Basic Prices of 2015-16","31-Mar-2022","TS_GP_RS_QGDP1516_Q.QGDP00030000","......II(a). Industrial Sector","1897341","Million PKR","Normal","","500","Industrial Sector"
"Quarterly GDP at Constant Basic Prices of 2015-16","31-Mar-2022","TS_GP_RS_QGDP1516_Q.QGDP00040000","......II(b). Growth Rate of Industrial Sector","7.87","Percent","Normal","","600","Growth Rate of Industry Sector"
"Quarterly GDP at Constant Basic Prices of 2015-16","31-Mar-2022","TS_GP_RS_QGDP1516_Q.QGDP00050000","......III(a). Services Sector","5824784","Million PKR","Normal","","700","Services Sector"
"Quarterly GDP at Constant Basic Prices of 2015-16","31-Mar-2022","TS_GP_RS_QGDP1516_Q.QGDP00060000","......III(b). Growth Rate of Services Sector","7.37","Percent","Normal","","800","Growth Rate of Services Sector"
"Quarterly GDP at Constant Basic Prices of 2015-16","31-Dec-2021","TS_GP_RS_QGDP1516_Q.QGDP00070000","A. Gross Domestic Product (Total of Gross Value Addition at Constant Basic Prices(2015-16))","9555069","Million PKR","Normal","","100","Gross Domestic Product (Total of Gross Value Addition at Constant Basic Prices(2015-16))"
"Quarterly GDP at Constant Basic Prices of 2015-16","31-Dec-2021","TS_GP_RS_QGDP1516_Q.QGDP00080000","B. Growth Rate of Gross Domestic Product (Total of Gross Value Addition at Constant Factor Cost(2015-16))","4.52","Percent","Normal","","200","Growth Rate of Real Gross Domestic Product"
"Quarterly GDP at Constant Basic Prices of 2015-16","31-Dec-2021","TS_GP_RS_QGDP1516_Q.QGDP00010000","......I(a). Agricultural Sector","2160451","Million PKR","Normal","","300","Agricultural Sector"
"Quarterly GDP at Constant Basic Prices of 2015-16","31-Dec-2021","TS_GP_RS_QGDP1516_Q.QGDP00020000","......I(b). Growth Rate of Agriculture Sector","3.75","Percent","Normal","","400","Growth Rate of Agriculture Sector"
"Quarterly GDP at Constant Basic Prices of 2015-16","31-Dec-2021","TS_GP_RS_QGDP1516_Q.QGDP00030000","......II(a). Industrial Sector","1766568","Million PKR","Normal","","500","Industrial Sector"
"Quarterly GDP at Constant Basic Prices of 2015-16","31-Dec-2021","TS_GP_RS_QGDP1516_Q.QGDP00040000","......II(b). Growth Rate of Industrial Sector","2.33","Percent","Normal","","600","Growth Rate of Industry Sector"
"Quarterly GDP at Constant Basic Prices of 2015-16","31-Dec-2021","TS_GP_RS_QGDP1516_Q.QGDP00050000","......III(a). Services Sector","5628050","Million PKR","Normal","","700","Services Sector"
"Quarterly GDP at Constant Basic Prices of 2015-16","31-Dec-2021","TS_GP_RS_QGDP1516_Q.QGDP00060000","......III(b). Growth Rate of Services Sector","5.53","Percent","Normal","","800","Growth Rate of Services Sector"
"Quarterly GDP at Constant Basic Prices of 2015-16","30-Sep-2021","TS_GP_RS_QGDP1516_Q.QGDP00070000","A. Gross Domestic Product (Total of Gross Value Addition at Constant Basic Prices(2015-16))","9526297","Million PKR","Normal","","100","Gross Domestic Product (Total of Gross Value Addition at Constant Basic Prices(2015-16))"
"Quarterly GDP at Constant Basic Prices of 2015-16","30-Sep-2021","TS_GP_RS_QGDP1516_Q.QGDP00080000","B. Growth Rate of Gross Domestic Product (Total of Gross Value Addition at Constant Factor Cost(2015-16))","6.06","Percent","Normal","","200","Growth Rate of Real Gross Domestic Product"
"Quarterly GDP at Constant Basic Prices of 2015-16","30-Sep-2021","TS_GP_RS_QGDP1516_Q.QGDP00010000","......I(a). Agricultural Sector","2255776","Million PKR","Normal","","300","Agricultural Sector"
"Quarterly GDP at Constant Basic Prices of 2015-16","30-Sep-2021","TS_GP_RS_QGDP1516_Q.QGDP00020000","......I(b). Growth Rate of Agriculture Sector","4.49","Percent","Normal","","400","Growth Rate of Agriculture Sector"
"Quarterly GDP at Constant Basic Prices of 2015-16","30-Sep-2021","TS_GP_RS_QGDP1516_Q.QGDP00030000","......II(a). Industrial Sector","1831186","Million PKR","Normal","","500","Industrial Sector"
"Quarterly GDP at Constant Basic Prices of 2015-16","30-Sep-2021","TS_GP_RS_QGDP1516_Q.QGDP00040000","......II(b). Growth Rate of Industrial Sector","6.47","Percent","Normal","","600","Growth Rate of Industry Sector"
"Quarterly GDP at Constant Basic Prices of 2015-16","30-Sep-2021","TS_GP_RS_QGDP1516_Q.QGDP00050000","......III(a). Services Sector","5439335","Million PKR","Normal","","700","Services Sector"
"Quarterly GDP at Constant Basic Prices of 2015-16","30-Sep-2021","TS_GP_RS_QGDP1516_Q.QGDP00060000","......III(b). Growth Rate of Services Sector","6.59","Percent","Normal","","800","Growth Rate of Services Sector"
"Quarterly GDP at Constant Basic Prices of 2015-16","30-Jun-2021","TS_GP_RS_QGDP1516_Q.QGDP00070000","A. Gross Domestic Product (Total of Gross Value Addition at Constant Basic Prices(2015-16))","9194841","Million PKR","Normal","","100","Gross Domestic Product (Total of Gross Value Addition at Constant Basic Prices(2015-16))"
"Quarterly GDP at Constant Basic Prices of 2015-16","30-Jun-2021","TS_GP_RS_QGDP1516_Q.QGDP00080000","B. Growth Rate of Gross Domestic Product (Total of Gross Value Addition at Constant Factor Cost(2015-16))","12.11","Percent","Normal","","200","Growth Rate of Real Gross Domestic Product"
"Quarterly GDP at Constant Basic Prices of 2015-16","30-Jun-2021","TS_GP_RS_QGDP1516_Q.QGDP00010000","......I(a). Agricultural Sector","2102155","Million PKR","Normal","","300","Agricultural Sector"
"Quarterly GDP at Constant Basic Prices of 2015-16","30-Jun-2021","TS_GP_RS_QGDP1516_Q.QGDP00020000","......I(b). Growth Rate of Agriculture Sector","2.46","Percent","Normal","","400","Growth Rate of Agriculture Sector"
"Quarterly GDP at Constant Basic Prices of 2015-16","30-Jun-2021","TS_GP_RS_QGDP1516_Q.QGDP00030000","......II(a). Industrial Sector","1730266","Million PKR","Normal","","500","Industrial Sector"
"Quarterly GDP at Constant Basic Prices of 2015-16","30-Jun-2021","TS_GP_RS_QGDP1516_Q.QGDP00040000","......II(b). Growth Rate of Industrial Sector","27.01","Percent","Normal","","600","Growth Rate of Industry Sector"
"Quarterly GDP at Constant Basic Prices of 2015-16","30-Jun-2021","TS_GP_RS_QGDP1516_Q.QGDP00050000","......III(a). Services Sector","5362420","Million PKR","Normal","","700","Services Sector"
"Quarterly GDP at Constant Basic Prices of 2015-16","30-Jun-2021","TS_GP_RS_QGDP1516_Q.QGDP00060000","......III(b). Growth Rate of Services Sector","12","Percent","Normal","","800","Growth Rate of Services Sector"
"Quarterly GDP at Constant Basic Prices of 2015-16","31-Mar-2021","TS_GP_RS_QGDP1516_Q.QGDP00070000","A. Gross Domestic Product (Total of Gross Value Addition at Constant Basic Prices(2015-16))","9264405","Million PKR","Normal","","100","Gross Domestic Product (Total of Gross Value Addition at Constant Basic Prices(2015-16))"
"Quarterly GDP at Constant Basic Prices of 2015-16","31-Mar-2021","TS_GP_RS_QGDP1516_Q.QGDP00080000","B. Growth Rate of Gross Domestic Product (Total of Gross Value Addition at Constant Factor Cost(2015-16))","5.11","Percent","Normal","","200","Growth Rate of Real Gross Domestic Product"
"Quarterly GDP at Constant Basic Prices of 2015-16","31-Mar-2021","TS_GP_RS_QGDP1516_Q.QGDP00010000","......I(a). Agricultural Sector","2080632","Million PKR","Normal","","300","Agricultural Sector"
"Quarterly GDP at Constant Basic Prices of 2015-16","31-Mar-2021","TS_GP_RS_QGDP1516_Q.QGDP00020000","......I(b). Growth Rate of Agriculture Sector","4.4","Percent","Normal","","400","Growth Rate of Agriculture Sector"
"Quarterly GDP at Constant Basic Prices of 2015-16","31-Mar-2021","TS_GP_RS_QGDP1516_Q.QGDP00030000","......II(a). Industrial Sector","1758978","Million PKR","Normal","","500","Industrial Sector"
"Quarterly GDP at Constant Basic Prices of 2015-16","31-Mar-2021","TS_GP_RS_QGDP1516_Q.QGDP00040000","......II(b). Growth Rate of Industrial Sector","3.76","Percent","Normal","","600","Growth Rate of Industry Sector"
"Quarterly GDP at Constant Basic Prices of 2015-16","31-Mar-2021","TS_GP_RS_QGDP1516_Q.QGDP00050000","......III(a). Services Sector","5424796","Million PKR","Normal","","700","Services Sector"
"Quarterly GDP at Constant Basic Prices of 2015-16","31-Mar-2021","TS_GP_RS_QGDP1516_Q.QGDP00060000","......III(b). Growth Rate of Services Sector","5.83","Percent","Normal","","800","Growth Rate of Services Sector"
"Quarterly GDP at Constant Basic Prices of 2015-16","31-Dec-2020","TS_GP_RS_QGDP1516_Q.QGDP00070000","A. Gross Domestic Product (Total of Gross Value Addition at Constant Basic Prices(2015-16))","9141575","Million PKR","Normal","","100","Gross Domestic Product (Total of Gross Value Addition at Constant Basic Prices(2015-16))"
"Quarterly GDP at Constant Basic Prices of 2015-16","31-Dec-2020","TS_GP_RS_QGDP1516_Q.QGDP00080000","B. Growth Rate of Gross Domestic Product (Total of Gross Value Addition at Constant Factor Cost(2015-16))","4.47","Percent","Normal","","200","Growth Rate of Real Gross Domestic Product"
"Quarterly GDP at Constant Basic Prices of 2015-16","31-Dec-2020","TS_GP_RS_QGDP1516_Q.QGDP00010000","......I(a). Agricultural Sector","2082385","Million PKR","Normal","","300","Agricultural Sector"
"Quarterly GDP at Constant Basic Prices of 2015-16","31-Dec-2020","TS_GP_RS_QGDP1516_Q.QGDP00020000","......I(b). Growth Rate of Agriculture Sector","3.63","Percent","Normal","","400","Growth Rate of Agriculture Sector"
"Quarterly GDP at Constant Basic Prices of 2015-16","31-Dec-2020","TS_GP_RS_QGDP1516_Q.QGDP00030000","......II(a). Industrial Sector","1726305","Million PKR","Normal","","500","Industrial Sector"
"Quarterly GDP at Constant Basic Prices of 2015-16","31-Dec-2020","TS_GP_RS_QGDP1516_Q.QGDP00040000","......II(b). Growth Rate of Industrial Sector","5.34","Percent","Normal","","600","Growth Rate of Industry Sector"
"Quarterly GDP at Constant Basic Prices of 2015-16","31-Dec-2020","TS_GP_RS_QGDP1516_Q.QGDP00050000","......III(a). Services Sector","5332885","Million PKR","Normal","","700","Services Sector"
"Quarterly GDP at Constant Basic Prices of 2015-16","31-Dec-2020","TS_GP_RS_QGDP1516_Q.QGDP00060000","......III(b). Growth Rate of Services Sector","4.52","Percent","Normal","","800","Growth Rate of Services Sector"
"Quarterly GDP at Constant Basic Prices of 2015-16","30-Sep-2020","TS_GP_RS_QGDP1516_Q.QGDP00070000","A. Gross Domestic Product (Total of Gross Value Addition at Constant Basic Prices(2015-16))","8981665","Million PKR","Normal","","100","Gross Domestic Product (Total of Gross Value Addition at Constant Basic Prices(2015-16))"
"Quarterly GDP at Constant Basic Prices of 2015-16","30-Sep-2020","TS_GP_RS_QGDP1516_Q.QGDP00080000","B. Growth Rate of Gross Domestic Product (Total of Gross Value Addition at Constant Factor Cost(2015-16))","1.84","Percent","Normal","","200","Growth Rate of Real Gross Domestic Product"
"Quarterly GDP at Constant Basic Prices of 2015-16","30-Sep-2020","TS_GP_RS_QGDP1516_Q.QGDP00010000","......I(a). Agricultural Sector","2158869","Million PKR","Normal","","300","Agricultural Sector"
"Quarterly GDP at Constant Basic Prices of 2015-16","30-Sep-2020","TS_GP_RS_QGDP1516_Q.QGDP00020000","......I(b). Growth Rate of Agriculture Sector","3.6","Percent","Normal","","400","Growth Rate of Agriculture Sector"
"Quarterly GDP at Constant Basic Prices of 2015-16","30-Sep-2020","TS_GP_RS_QGDP1516_Q.QGDP00030000","......II(a). Industrial Sector","1719889","Million PKR","Normal","","500","Industrial Sector"
"Quarterly GDP at Constant Basic Prices of 2015-16","30-Sep-2020","TS_GP_RS_QGDP1516_Q.QGDP00040000","......II(b). Growth Rate of Industrial Sector",".37","Percent","Normal","","600","Growth Rate of Industry Sector"
"Quarterly GDP at Constant Basic Prices of 2015-16","30-Sep-2020","TS_GP_RS_QGDP1516_Q.QGDP00050000","......III(a). Services Sector","5102907","Million PKR","Normal","","700","Services Sector"
"Quarterly GDP at Constant Basic Prices of 2015-16","30-Sep-2020","TS_GP_RS_QGDP1516_Q.QGDP00060000","......III(b). Growth Rate of Services Sector","1.61","Percent","Normal","","800","Growth Rate of Services Sector"
"Quarterly GDP at Constant Basic Prices of 2015-16","30-Jun-2020","TS_GP_RS_QGDP1516_Q.QGDP00070000","A. Gross Domestic Product (Total of Gross Value Addition at Constant Basic Prices(2015-16))","8201955","Million PKR","Normal","","100","Gross Domestic Product (Total of Gross Value Addition at Constant Basic Prices(2015-16))"
"Quarterly GDP at Constant Basic Prices of 2015-16","30-Jun-2020","TS_GP_RS_QGDP1516_Q.QGDP00080000","B. Growth Rate of Gross Domestic Product (Total of Gross Value Addition at Constant Factor Cost(2015-16))","-8.02","Percent","Normal","","200","Growth Rate of Real Gross Domestic Product"
"Quarterly GDP at Constant Basic Prices of 2015-16","30-Jun-2020","TS_GP_RS_QGDP1516_Q.QGDP00010000","......I(a). Agricultural Sector","2051676","Million PKR","Normal","","300","Agricultural Sector"
"Quarterly GDP at Constant Basic Prices of 2015-16","30-Jun-2020","TS_GP_RS_QGDP1516_Q.QGDP00020000","......I(b). Growth Rate of Agriculture Sector","3.27","Percent","Normal","","400","Growth Rate of Agriculture Sector"
"Quarterly GDP at Constant Basic Prices of 2015-16","30-Jun-2020","TS_GP_RS_QGDP1516_Q.QGDP00030000","......II(a). Industrial Sector","1362261","Million PKR","Normal","","500","Industrial Sector"
"Quarterly GDP at Constant Basic Prices of 2015-16","30-Jun-2020","TS_GP_RS_QGDP1516_Q.QGDP00040000","......II(b). Growth Rate of Industrial Sector","-20.88","Percent","Normal","","600","Growth Rate of Industry Sector"
"Quarterly GDP at Constant Basic Prices of 2015-16","30-Jun-2020","TS_GP_RS_QGDP1516_Q.QGDP00050000","......III(a). Services Sector","4788018","Million PKR","Normal","","700","Services Sector"
"Quarterly GDP at Constant Basic Prices of 2015-16","30-Jun-2020","TS_GP_RS_QGDP1516_Q.QGDP00060000","......III(b). Growth Rate of Services Sector","-8.07","Percent","Normal","","800","Growth Rate of Services Sector"
"Quarterly GDP at Constant Basic Prices of 2015-16","31-Mar-2020","TS_GP_RS_QGDP1516_Q.QGDP00070000","A. Gross Domestic Product (Total of Gross Value Addition at Constant Basic Prices(2015-16))","8814367","Million PKR","Normal","","100","Gross Domestic Product (Total of Gross Value Addition at Constant Basic Prices(2015-16))"
"Quarterly GDP at Constant Basic Prices of 2015-16","31-Mar-2020","TS_GP_RS_QGDP1516_Q.QGDP00080000","B. Growth Rate of Gross Domestic Product (Total of Gross Value Addition at Constant Factor Cost(2015-16))","-.05","Percent","Normal","","200","Growth Rate of Real Gross Domestic Product"
"Quarterly GDP at Constant Basic Prices of 2015-16","31-Mar-2020","TS_GP_RS_QGDP1516_Q.QGDP00010000","......I(a). Agricultural Sector","1992917","Million PKR","Normal","","300","Agricultural Sector"
"Quarterly GDP at Constant Basic Prices of 2015-16","31-Mar-2020","TS_GP_RS_QGDP1516_Q.QGDP00020000","......I(b). Growth Rate of Agriculture Sector","4.45","Percent","Normal","","400","Growth Rate of Agriculture Sector"
"Quarterly GDP at Constant Basic Prices of 2015-16","31-Mar-2020","TS_GP_RS_QGDP1516_Q.QGDP00030000","......II(a). Industrial Sector","1695295","Million PKR","Normal","","500","Industrial Sector"
"Quarterly GDP at Constant Basic Prices of 2015-16","31-Mar-2020","TS_GP_RS_QGDP1516_Q.QGDP00040000","......II(b). Growth Rate of Industrial Sector","-.56","Percent","Normal","","600","Growth Rate of Industry Sector"
"Quarterly GDP at Constant Basic Prices of 2015-16","31-Mar-2020","TS_GP_RS_QGDP1516_Q.QGDP00050000","......III(a). Services Sector","5126154","Million PKR","Normal","","700","Services Sector"
"Quarterly GDP at Constant Basic Prices of 2015-16","31-Mar-2020","TS_GP_RS_QGDP1516_Q.QGDP00060000","......III(b). Growth Rate of Services Sector","-1.53","Percent","Normal","","800","Growth Rate of Services Sector"
"Quarterly GDP at Constant Basic Prices of 2015-16","31-Dec-2019","TS_GP_RS_QGDP1516_Q.QGDP00070000","A. Gross Domestic Product (Total of Gross Value Addition at Constant Basic Prices(2015-16))","8750582.5","Million PKR","Normal","","100","Gross Domestic Product (Total of Gross Value Addition at Constant Basic Prices(2015-16))"
"Quarterly GDP at Constant Basic Prices of 2015-16","31-Dec-2019","TS_GP_RS_QGDP1516_Q.QGDP00080000","B. Growth Rate of Gross Domestic Product (Total of Gross Value Addition at Constant Factor Cost(2015-16))","2.42","Percent","Normal","","200","Growth Rate of Real Gross Domestic Product"
"Quarterly GDP at Constant Basic Prices of 2015-16","31-Dec-2019","TS_GP_RS_QGDP1516_Q.QGDP00010000","......I(a). Agricultural Sector","2009414.27","Million PKR","Normal","","300","Agricultural Sector"
"Quarterly GDP at Constant Basic Prices of 2015-16","31-Dec-2019","TS_GP_RS_QGDP1516_Q.QGDP00020000","......I(b). Growth Rate of Agriculture Sector","4.48","Percent","Normal","","400","Growth Rate of Agriculture Sector"
"Quarterly GDP at Constant Basic Prices of 2015-16","31-Dec-2019","TS_GP_RS_QGDP1516_Q.QGDP00030000","......II(a). Industrial Sector","1638778.99","Million PKR","Normal","","500","Industrial Sector"
"Quarterly GDP at Constant Basic Prices of 2015-16","31-Dec-2019","TS_GP_RS_QGDP1516_Q.QGDP00040000","......II(b). Growth Rate of Industrial Sector","1.36","Percent","Normal","","600","Growth Rate of Industry Sector"
"Quarterly GDP at Constant Basic Prices of 2015-16","31-Dec-2019","TS_GP_RS_QGDP1516_Q.QGDP00050000","......III(a). Services Sector","5102389.24","Million PKR","Normal","","700","Services Sector"
"Quarterly GDP at Constant Basic Prices of 2015-16","31-Dec-2019","TS_GP_RS_QGDP1516_Q.QGDP00060000","......III(b). Growth Rate of Services Sector","1.96","Percent","Normal","","800","Growth Rate of Services Sector"
"Quarterly GDP at Constant Basic Prices of 2015-16","30-Sep-2019","TS_GP_RS_QGDP1516_Q.QGDP00070000","A. Gross Domestic Product (Total of Gross Value Addition at Constant Basic Prices(2015-16))","8819760.05","Million PKR","Normal","","100","Gross Domestic Product (Total of Gross Value Addition at Constant Basic Prices(2015-16))"
"Quarterly GDP at Constant Basic Prices of 2015-16","30-Sep-2019","TS_GP_RS_QGDP1516_Q.QGDP00080000","B. Growth Rate of Gross Domestic Product (Total of Gross Value Addition at Constant Factor Cost(2015-16))","2.13","Percent","Normal","","200","Growth Rate of Real Gross Domestic Product"
"Quarterly GDP at Constant Basic Prices of 2015-16","30-Sep-2019","TS_GP_RS_QGDP1516_Q.QGDP00010000","......I(a). Agricultural Sector","2083852.91","Million PKR","Normal","","300","Agricultural Sector"
"Quarterly GDP at Constant Basic Prices of 2015-16","30-Sep-2019","TS_GP_RS_QGDP1516_Q.QGDP00020000","......I(b). Growth Rate of Agriculture Sector","3.49","Percent","Normal","","400","Growth Rate of Agriculture Sector"
"Quarterly GDP at Constant Basic Prices of 2015-16","30-Sep-2019","TS_GP_RS_QGDP1516_Q.QGDP00030000","......II(a). Industrial Sector","1713630.23","Million PKR","Normal","","500","Industrial Sector"
"Quarterly GDP at Constant Basic Prices of 2015-16","30-Sep-2019","TS_GP_RS_QGDP1516_Q.QGDP00040000","......II(b). Growth Rate of Industrial Sector","-2.49","Percent","Normal","","600","Growth Rate of Industry Sector"
"Quarterly GDP at Constant Basic Prices of 2015-16","30-Sep-2019","TS_GP_RS_QGDP1516_Q.QGDP00050000","......III(a). Services Sector","5022276.92","Million PKR","Normal","","700","Services Sector"
"Quarterly GDP at Constant Basic Prices of 2015-16","30-Sep-2019","TS_GP_RS_QGDP1516_Q.QGDP00060000","......III(b). Growth Rate of Services Sector","3.23","Percent","Normal","","800","Growth Rate of Services Sector"
"Quarterly GDP at Constant Basic Prices of 2015-16","30-Jun-2019","TS_GP_RS_QGDP1516_Q.QGDP00070000","A. Gross Domestic Product (Total of Gross Value Addition at Constant Basic Prices(2015-16))","8916993.98","Million PKR","Normal","","100","Gross Domestic Product (Total of Gross Value Addition at Constant Basic Prices(2015-16))"
"Quarterly GDP at Constant Basic Prices of 2015-16","30-Jun-2019","TS_GP_RS_QGDP1516_Q.QGDP00080000","B. Growth Rate of Gross Domestic Product (Total of Gross Value Addition at Constant Factor Cost(2015-16))","4.47","Percent","Normal","","200","Growth Rate of Real Gross Domestic Product"
"Quarterly GDP at Constant Basic Prices of 2015-16","30-Jun-2019","TS_GP_RS_QGDP1516_Q.QGDP00010000","......I(a). Agricultural Sector","1986628.42","Million PKR","Normal","","300","Agricultural Sector"
"Quarterly GDP at Constant Basic Prices of 2015-16","30-Jun-2019","TS_GP_RS_QGDP1516_Q.QGDP00020000","......I(b). Growth Rate of Agriculture Sector",".5","Percent","Normal","","400","Growth Rate of Agriculture Sector"
"Quarterly GDP at Constant Basic Prices of 2015-16","30-Jun-2019","TS_GP_RS_QGDP1516_Q.QGDP00030000","......II(a). Industrial Sector","1721754.18","Million PKR","Normal","","500","Industrial Sector"
"Quarterly GDP at Constant Basic Prices of 2015-16","30-Jun-2019","TS_GP_RS_QGDP1516_Q.QGDP00040000","......II(b). Growth Rate of Industrial Sector","-.54","Percent","Normal","","600","Growth Rate of Industry Sector"
"Quarterly GDP at Constant Basic Prices of 2015-16","30-Jun-2019","TS_GP_RS_QGDP1516_Q.QGDP00050000","......III(a). Services Sector","5208611.38","Million PKR","Normal","","700","Services Sector"
"Quarterly GDP at Constant Basic Prices of 2015-16","30-Jun-2019","TS_GP_RS_QGDP1516_Q.QGDP00060000","......III(b). Growth Rate of Services Sector","7.89","Percent","Normal","","800","Growth Rate of Services Sector"
"Quarterly GDP at Constant Basic Prices of 2015-16","31-Mar-2019","TS_GP_RS_QGDP1516_Q.QGDP00070000","A. Gross Domestic Product (Total of Gross Value Addition at Constant Basic Prices(2015-16))","8818830.1","Million PKR","Normal","","100","Gross Domestic Product (Total of Gross Value Addition at Constant Basic Prices(2015-16))"
"Quarterly GDP at Constant Basic Prices of 2015-16","31-Mar-2019","TS_GP_RS_QGDP1516_Q.QGDP00080000","B. Growth Rate of Gross Domestic Product (Total of Gross Value Addition at Constant Factor Cost(2015-16))","2.73","Percent","Normal","","200","Growth Rate of Real Gross Domestic Product"
"Quarterly GDP at Constant Basic Prices of 2015-16","31-Mar-2019","TS_GP_RS_QGDP1516_Q.QGDP00010000","......I(a). Agricultural Sector","1907976.2","Million PKR","Normal","","300","Agricultural Sector"
"Quarterly GDP at Constant Basic Prices of 2015-16","31-Mar-2019","TS_GP_RS_QGDP1516_Q.QGDP00020000","......I(b). Growth Rate of Agriculture Sector","1.23","Percent","Normal","","400","Growth Rate of Agriculture Sector"
"Quarterly GDP at Constant Basic Prices of 2015-16","31-Mar-2019","TS_GP_RS_QGDP1516_Q.QGDP00030000","......II(a). Industrial Sector","1704883.56","Million PKR","Normal","","500","Industrial Sector"
"Quarterly GDP at Constant Basic Prices of 2015-16","31-Mar-2019","TS_GP_RS_QGDP1516_Q.QGDP00040000","......II(b). Growth Rate of Industrial Sector","-2.73","Percent","Normal","","600","Growth Rate of Industry Sector"
"Quarterly GDP at Constant Basic Prices of 2015-16","31-Mar-2019","TS_GP_RS_QGDP1516_Q.QGDP00050000","......III(a). Services Sector","5205970.35","Million PKR","Normal","","700","Services Sector"
"Quarterly GDP at Constant Basic Prices of 2015-16","31-Mar-2019","TS_GP_RS_QGDP1516_Q.QGDP00060000","......III(b). Growth Rate of Services Sector","5.24","Percent","Normal","","800","Growth Rate of Services Sector"
"Quarterly GDP at Constant Basic Prices of 2015-16","31-Dec-2018","TS_GP_RS_QGDP1516_Q.QGDP00070000","A. Gross Domestic Product (Total of Gross Value Addition at Constant Basic Prices(2015-16))","8544030.15","Million PKR","Normal","","100","Gross Domestic Product (Total of Gross Value Addition at Constant Basic Prices(2015-16))"
"Quarterly GDP at Constant Basic Prices of 2015-16","31-Dec-2018","TS_GP_RS_QGDP1516_Q.QGDP00080000","B. Growth Rate of Gross Domestic Product (Total of Gross Value Addition at Constant Factor Cost(2015-16))","2.24","Percent","Normal","","200","Growth Rate of Real Gross Domestic Product"
"Quarterly GDP at Constant Basic Prices of 2015-16","31-Dec-2018","TS_GP_RS_QGDP1516_Q.QGDP00010000","......I(a). Agricultural Sector","1923197.68","Million PKR","Normal","","300","Agricultural Sector"
"Quarterly GDP at Constant Basic Prices of 2015-16","31-Dec-2018","TS_GP_RS_QGDP1516_Q.QGDP00020000","......I(b). Growth Rate of Agriculture Sector","1.16","Percent","Normal","","400","Growth Rate of Agriculture Sector"
"Quarterly GDP at Constant Basic Prices of 2015-16","31-Dec-2018","TS_GP_RS_QGDP1516_Q.QGDP00030000","......II(a). Industrial Sector","1616676.46","Million PKR","Normal","","500","Industrial Sector"
"Quarterly GDP at Constant Basic Prices of 2015-16","31-Dec-2018","TS_GP_RS_QGDP1516_Q.QGDP00040000","......II(b). Growth Rate of Industrial Sector","-1.41","Percent","Normal","","600","Growth Rate of Industry Sector"
"Quarterly GDP at Constant Basic Prices of 2015-16","31-Dec-2018","TS_GP_RS_QGDP1516_Q.QGDP00050000","......III(a). Services Sector","5004156.02","Million PKR","Normal","","700","Services Sector"
"Quarterly GDP at Constant Basic Prices of 2015-16","31-Dec-2018","TS_GP_RS_QGDP1516_Q.QGDP00060000","......III(b). Growth Rate of Services Sector","3.9","Percent","Normal","","800","Growth Rate of Services Sector"
"Quarterly GDP at Constant Basic Prices of 2015-16","30-Sep-2018","TS_GP_RS_QGDP1516_Q.QGDP00070000","A. Gross Domestic Product (Total of Gross Value Addition at Constant Basic Prices(2015-16))","8636188","Million PKR","Normal","","100","Gross Domestic Product (Total of Gross Value Addition at Constant Basic Prices(2015-16))"
"Quarterly GDP at Constant Basic Prices of 2015-16","30-Sep-2018","TS_GP_RS_QGDP1516_Q.QGDP00080000","B. Growth Rate of Gross Domestic Product (Total of Gross Value Addition at Constant Factor Cost(2015-16))","3.03","Percent","Normal","","200","Growth Rate of Real Gross Domestic Product"
"Quarterly GDP at Constant Basic Prices of 2015-16","30-Sep-2018","TS_GP_RS_QGDP1516_Q.QGDP00010000","......I(a). Agricultural Sector","2013493.7","Million PKR","Normal","","300","Agricultural Sector"
"Quarterly GDP at Constant Basic Prices of 2015-16","30-Sep-2018","TS_GP_RS_QGDP1516_Q.QGDP00020000","......I(b). Growth Rate of Agriculture Sector",".88","Percent","Normal","","400","Growth Rate of Agriculture Sector"
"Quarterly GDP at Constant Basic Prices of 2015-16","30-Sep-2018","TS_GP_RS_QGDP1516_Q.QGDP00030000","......II(a). Industrial Sector","1757361.63","Million PKR","Normal","","500","Industrial Sector"
"Quarterly GDP at Constant Basic Prices of 2015-16","30-Sep-2018","TS_GP_RS_QGDP1516_Q.QGDP00040000","......II(b). Growth Rate of Industrial Sector","5.86","Percent","Normal","","600","Growth Rate of Industry Sector"
"Quarterly GDP at Constant Basic Prices of 2015-16","30-Sep-2018","TS_GP_RS_QGDP1516_Q.QGDP00050000","......III(a). Services Sector","4865332.67","Million PKR","Normal","","700","Services Sector"
"Quarterly GDP at Constant Basic Prices of 2015-16","30-Sep-2018","TS_GP_RS_QGDP1516_Q.QGDP00060000","......III(b). Growth Rate of Services Sector","2.93","Percent","Normal","","800","Growth Rate of Services Sector"
"Quarterly GDP at Constant Basic Prices of 2015-16","30-Jun-2018","TS_GP_RS_QGDP1516_Q.QGDP00070000","A. Gross Domestic Product (Total of Gross Value Addition at Constant Basic Prices(2015-16))","8535753.56","Million PKR","Normal","","100","Gross Domestic Product (Total of Gross Value Addition at Constant Basic Prices(2015-16))"
"Quarterly GDP at Constant Basic Prices of 2015-16","30-Jun-2018","TS_GP_RS_QGDP1516_Q.QGDP00080000","B. Growth Rate of Gross Domestic Product (Total of Gross Value Addition at Constant Factor Cost(2015-16))","5.16","Percent","Normal","","200","Growth Rate of Real Gross Domestic Product"
"Quarterly GDP at Constant Basic Prices of 2015-16","30-Jun-2018","TS_GP_RS_QGDP1516_Q.QGDP00010000","......I(a). Agricultural Sector","1976646.72","Million PKR","Normal","","300","Agricultural Sector"
"Quarterly GDP at Constant Basic Prices of 2015-16","30-Jun-2018","TS_GP_RS_QGDP1516_Q.QGDP00020000","......I(b). Growth Rate of Agriculture Sector","4.12","Percent","Normal","","400","Growth Rate of Agriculture Sector"
"Quarterly GDP at Constant Basic Prices of 2015-16","30-Jun-2018","TS_GP_RS_QGDP1516_Q.QGDP00030000","......II(a). Industrial Sector","1731223.38","Million PKR","Normal","","500","Industrial Sector"
"Quarterly GDP at Constant Basic Prices of 2015-16","30-Jun-2018","TS_GP_RS_QGDP1516_Q.QGDP00040000","......II(b). Growth Rate of Industrial Sector","11.2","Percent","Normal","","600","Growth Rate of Industry Sector"
"Quarterly GDP at Constant Basic Prices of 2015-16","30-Jun-2018","TS_GP_RS_QGDP1516_Q.QGDP00050000","......III(a). Services Sector","4827883.46","Million PKR","Normal","","700","Services Sector"
"Quarterly GDP at Constant Basic Prices of 2015-16","30-Jun-2018","TS_GP_RS_QGDP1516_Q.QGDP00060000","......III(b). Growth Rate of Services Sector","3.58","Percent","Normal","","800","Growth Rate of Services Sector"
"Quarterly GDP at Constant Basic Prices of 2015-16","31-Mar-2018","TS_GP_RS_QGDP1516_Q.QGDP00070000","A. Gross Domestic Product (Total of Gross Value Addition at Constant Basic Prices(2015-16))","8584165.57","Million PKR","Normal","","100","Gross Domestic Product (Total of Gross Value Addition at Constant Basic Prices(2015-16))"
"Quarterly GDP at Constant Basic Prices of 2015-16","31-Mar-2018","TS_GP_RS_QGDP1516_Q.QGDP00080000","B. Growth Rate of Gross Domestic Product (Total of Gross Value Addition at Constant Factor Cost(2015-16))","5.58","Percent","Normal","","200","Growth Rate of Real Gross Domestic Product"
"Quarterly GDP at Constant Basic Prices of 2015-16","31-Mar-2018","TS_GP_RS_QGDP1516_Q.QGDP00010000","......I(a). Agricultural Sector","1884765.57","Million PKR","Normal","","300","Agricultural Sector"
"Quarterly GDP at Constant Basic Prices of 2015-16","31-Mar-2018","TS_GP_RS_QGDP1516_Q.QGDP00020000","......I(b). Growth Rate of Agriculture Sector","3.91","Percent","Normal","","400","Growth Rate of Agriculture Sector"
"Quarterly GDP at Constant Basic Prices of 2015-16","31-Mar-2018","TS_GP_RS_QGDP1516_Q.QGDP00030000","......II(a). Industrial Sector","1752741.93","Million PKR","Normal","","500","Industrial Sector"
"Quarterly GDP at Constant Basic Prices of 2015-16","31-Mar-2018","TS_GP_RS_QGDP1516_Q.QGDP00040000","......II(b). Growth Rate of Industrial Sector","7.25","Percent","Normal","","600","Growth Rate of Industry Sector"
"Quarterly GDP at Constant Basic Prices of 2015-16","31-Mar-2018","TS_GP_RS_QGDP1516_Q.QGDP00050000","......III(a). Services Sector","4946658.07","Million PKR","Normal","","700","Services Sector"
"Quarterly GDP at Constant Basic Prices of 2015-16","31-Mar-2018","TS_GP_RS_QGDP1516_Q.QGDP00060000","......III(b). Growth Rate of Services Sector","5.64","Percent","Normal","","800","Growth Rate of Services Sector"
"Quarterly GDP at Constant Basic Prices of 2015-16","31-Dec-2017","TS_GP_RS_QGDP1516_Q.QGDP00070000","A. Gross Domestic Product (Total of Gross Value Addition at Constant Basic Prices(2015-16))","8357103.03","Million PKR","Normal","","100","Gross Domestic Product (Total of Gross Value Addition at Constant Basic Prices(2015-16))"
"Quarterly GDP at Constant Basic Prices of 2015-16","31-Dec-2017","TS_GP_RS_QGDP1516_Q.QGDP00080000","B. Growth Rate of Gross Domestic Product (Total of Gross Value Addition at Constant Factor Cost(2015-16))","6.15","Percent","Normal","","200","Growth Rate of Real Gross Domestic Product"
"Quarterly GDP at Constant Basic Prices of 2015-16","31-Dec-2017","TS_GP_RS_QGDP1516_Q.QGDP00010000","......I(a). Agricultural Sector","1901091.65","Million PKR","Normal","","300","Agricultural Sector"
"Quarterly GDP at Constant Basic Prices of 2015-16","31-Dec-2017","TS_GP_RS_QGDP1516_Q.QGDP00020000","......I(b). Growth Rate of Agriculture Sector","3.18","Percent","Normal","","400","Growth Rate of Agriculture Sector"
"Quarterly GDP at Constant Basic Prices of 2015-16","31-Dec-2017","TS_GP_RS_QGDP1516_Q.QGDP00030000","......II(a). Industrial Sector","1639838.44","Million PKR","Normal","","500","Industrial Sector"
"Quarterly GDP at Constant Basic Prices of 2015-16","31-Dec-2017","TS_GP_RS_QGDP1516_Q.QGDP00040000","......II(b). Growth Rate of Industrial Sector","8.76","Percent","Normal","","600","Growth Rate of Industry Sector"
"Quarterly GDP at Constant Basic Prices of 2015-16","31-Dec-2017","TS_GP_RS_QGDP1516_Q.QGDP00050000","......III(a). Services Sector","4816172.95","Million PKR","Normal","","700","Services Sector"
"Quarterly GDP at Constant Basic Prices of 2015-16","31-Dec-2017","TS_GP_RS_QGDP1516_Q.QGDP00060000","......III(b). Growth Rate of Services Sector","6.49","Percent","Normal","","800","Growth Rate of Services Sector"
"Quarterly GDP at Constant Basic Prices of 2015-16","30-Sep-2017","TS_GP_RS_QGDP1516_Q.QGDP00070000","A. Gross Domestic Product (Total of Gross Value Addition at Constant Basic Prices(2015-16))","8382596.86","Million PKR","Normal","","100","Gross Domestic Product (Total of Gross Value Addition at Constant Basic Prices(2015-16))"
"Quarterly GDP at Constant Basic Prices of 2015-16","30-Sep-2017","TS_GP_RS_QGDP1516_Q.QGDP00080000","B. Growth Rate of Gross Domestic Product (Total of Gross Value Addition at Constant Factor Cost(2015-16))","7.55","Percent","Normal","","200","Growth Rate of Real Gross Domestic Product"
"Quarterly GDP at Constant Basic Prices of 2015-16","30-Sep-2017","TS_GP_RS_QGDP1516_Q.QGDP00010000","......I(a). Agricultural Sector","1995928.07","Million PKR","Normal","","300","Agricultural Sector"
"Quarterly GDP at Constant Basic Prices of 2015-16","30-Sep-2017","TS_GP_RS_QGDP1516_Q.QGDP00020000","......I(b). Growth Rate of Agriculture Sector","4.28","Percent","Normal","","400","Growth Rate of Agriculture Sector"
"Quarterly GDP at Constant Basic Prices of 2015-16","30-Sep-2017","TS_GP_RS_QGDP1516_Q.QGDP00030000","......II(a). Industrial Sector","1660059.91","Million PKR","Normal","","500","Industrial Sector"
"Quarterly GDP at Constant Basic Prices of 2015-16","30-Sep-2017","TS_GP_RS_QGDP1516_Q.QGDP00040000","......II(b). Growth Rate of Industrial Sector","9.62","Percent","Normal","","600","Growth Rate of Industry Sector"
"Quarterly GDP at Constant Basic Prices of 2015-16","30-Sep-2017","TS_GP_RS_QGDP1516_Q.QGDP00050000","......III(a). Services Sector","4726608.88","Million PKR","Normal","","700","Services Sector"
"Quarterly GDP at Constant Basic Prices of 2015-16","30-Sep-2017","TS_GP_RS_QGDP1516_Q.QGDP00060000","......III(b). Growth Rate of Services Sector","8.27","Percent","Normal","","800","Growth Rate of Services Sector"
"Quarterly GDP at Constant Basic Prices of 2015-16","30-Jun-2017","TS_GP_RS_QGDP1516_Q.QGDP00070000","A. Gross Domestic Product (Total of Gross Value Addition at Constant Basic Prices(2015-16))","8116612.05","Million PKR","Normal","","100","Gross Domestic Product (Total of Gross Value Addition at Constant Basic Prices(2015-16))"
"Quarterly GDP at Constant Basic Prices of 2015-16","30-Jun-2017","TS_GP_RS_QGDP1516_Q.QGDP00080000","B. Growth Rate of Gross Domestic Product (Total of Gross Value Addition at Constant Factor Cost(2015-16))","5.8","Percent","Normal","","200","Growth Rate of Real Gross Domestic Product"
"Quarterly GDP at Constant Basic Prices of 2015-16","30-Jun-2017","TS_GP_RS_QGDP1516_Q.QGDP00010000","......I(a). Agricultural Sector","1898482.76","Million PKR","Normal","","300","Agricultural Sector"
"Quarterly GDP at Constant Basic Prices of 2015-16","30-Jun-2017","TS_GP_RS_QGDP1516_Q.QGDP00020000","......I(b). Growth Rate of Agriculture Sector","3.64","Percent","Normal","","400","Growth Rate of Agriculture Sector"
"Quarterly GDP at Constant Basic Prices of 2015-16","30-Jun-2017","TS_GP_RS_QGDP1516_Q.QGDP00030000","......II(a). Industrial Sector","1556895.48","Million PKR","Normal","","500","Industrial Sector"
"Quarterly GDP at Constant Basic Prices of 2015-16","30-Jun-2017","TS_GP_RS_QGDP1516_Q.QGDP00040000","......II(b). Growth Rate of Industrial Sector","4.41","Percent","Normal","","600","Growth Rate of Industry Sector"
"Quarterly GDP at Constant Basic Prices of 2015-16","30-Jun-2017","TS_GP_RS_QGDP1516_Q.QGDP00050000","......III(a). Services Sector","4661233.81","Million PKR","Normal","","700","Services Sector"
"Quarterly GDP at Constant Basic Prices of 2015-16","30-Jun-2017","TS_GP_RS_QGDP1516_Q.QGDP00060000","......III(b). Growth Rate of Services Sector","7.18","Percent","Normal","","800","Growth Rate of Services Sector"
"Quarterly GDP at Constant Basic Prices of 2015-16","31-Mar-2017","TS_GP_RS_QGDP1516_Q.QGDP00070000","A. Gross Domestic Product (Total of Gross Value Addition at Constant Basic Prices(2015-16))","8130527.62","Million PKR","Normal","","100","Gross Domestic Product (Total of Gross Value Addition at Constant Basic Prices(2015-16))"
"Quarterly GDP at Constant Basic Prices of 2015-16","31-Mar-2017","TS_GP_RS_QGDP1516_Q.QGDP00080000","B. Growth Rate of Gross Domestic Product (Total of Gross Value Addition at Constant Factor Cost(2015-16))","5.36","Percent","Normal","","200","Growth Rate of Real Gross Domestic Product"
"Quarterly GDP at Constant Basic Prices of 2015-16","31-Mar-2017","TS_GP_RS_QGDP1516_Q.QGDP00010000","......I(a). Agricultural Sector","1813876.27","Million PKR","Normal","","300","Agricultural Sector"
"Quarterly GDP at Constant Basic Prices of 2015-16","31-Mar-2017","TS_GP_RS_QGDP1516_Q.QGDP00020000","......I(b). Growth Rate of Agriculture Sector","2.81","Percent","Normal","","400","Growth Rate of Agriculture Sector"
"Quarterly GDP at Constant Basic Prices of 2015-16","31-Mar-2017","TS_GP_RS_QGDP1516_Q.QGDP00030000","......II(a). Industrial Sector","1634261.17","Million PKR","Normal","","500","Industrial Sector"
"Quarterly GDP at Constant Basic Prices of 2015-16","31-Mar-2017","TS_GP_RS_QGDP1516_Q.QGDP00040000","......II(b). Growth Rate of Industrial Sector","6.03","Percent","Normal","","600","Growth Rate of Industry Sector"
"Quarterly GDP at Constant Basic Prices of 2015-16","31-Mar-2017","TS_GP_RS_QGDP1516_Q.QGDP00050000","......III(a). Services Sector","4682390.18","Million PKR","Normal","","700","Services Sector"
"Quarterly GDP at Constant Basic Prices of 2015-16","31-Mar-2017","TS_GP_RS_QGDP1516_Q.QGDP00060000","......III(b). Growth Rate of Services Sector","6.15","Percent","Normal","","800","Growth Rate of Services Sector"
"Quarterly GDP at Constant Basic Prices of 2015-16","31-Dec-2016","TS_GP_RS_QGDP1516_Q.QGDP00070000","A. Gross Domestic Product (Total of Gross Value Addition at Constant Basic Prices(2015-16))","7872855.77","Million PKR","Normal","","100","Gross Domestic Product (Total of Gross Value Addition at Constant Basic Prices(2015-16))"
"Quarterly GDP at Constant Basic Prices of 2015-16","31-Dec-2016","TS_GP_RS_QGDP1516_Q.QGDP00080000","B. Growth Rate of Gross Domestic Product (Total of Gross Value Addition at Constant Factor Cost(2015-16))","3.64","Percent","Normal","","200","Growth Rate of Real Gross Domestic Product"
"Quarterly GDP at Constant Basic Prices of 2015-16","31-Dec-2016","TS_GP_RS_QGDP1516_Q.QGDP00010000","......I(a). Agricultural Sector","1842507.3","Million PKR","Normal","","300","Agricultural Sector"
"Quarterly GDP at Constant Basic Prices of 2015-16","31-Dec-2016","TS_GP_RS_QGDP1516_Q.QGDP00020000","......I(b). Growth Rate of Agriculture Sector",".49","Percent","Normal","","400","Growth Rate of Agriculture Sector"
"Quarterly GDP at Constant Basic Prices of 2015-16","31-Dec-2016","TS_GP_RS_QGDP1516_Q.QGDP00030000","......II(a). Industrial Sector","1507724.47","Million PKR","Normal","","500","Industrial Sector"
"Quarterly GDP at Constant Basic Prices of 2015-16","31-Dec-2016","TS_GP_RS_QGDP1516_Q.QGDP00040000","......II(b). Growth Rate of Industrial Sector","4.73","Percent","Normal","","600","Growth Rate of Industry Sector"
"Quarterly GDP at Constant Basic Prices of 2015-16","31-Dec-2016","TS_GP_RS_QGDP1516_Q.QGDP00050000","......III(a). Services Sector","4522624","Million PKR","Normal","","700","Services Sector"
"Quarterly GDP at Constant Basic Prices of 2015-16","31-Dec-2016","TS_GP_RS_QGDP1516_Q.QGDP00060000","......III(b). Growth Rate of Services Sector","4.6","Percent","Normal","","800","Growth Rate of Services Sector"
"Quarterly GDP at Constant Basic Prices of 2015-16","30-Sep-2016","TS_GP_RS_QGDP1516_Q.QGDP00070000","A. Gross Domestic Product (Total of Gross Value Addition at Constant Basic Prices(2015-16))","7794211.77","Million PKR","Normal","","100","Gross Domestic Product (Total of Gross Value Addition at Constant Basic Prices(2015-16))"
"Quarterly GDP at Constant Basic Prices of 2015-16","30-Sep-2016","TS_GP_RS_QGDP1516_Q.QGDP00080000","B. Growth Rate of Gross Domestic Product (Total of Gross Value Addition at Constant Factor Cost(2015-16))","3.61","Percent","Normal","","200","Growth Rate of Real Gross Domestic Product"
"Quarterly GDP at Constant Basic Prices of 2015-16","30-Sep-2016","TS_GP_RS_QGDP1516_Q.QGDP00010000","......I(a). Agricultural Sector","1914033.67","Million PKR","Normal","","300","Agricultural Sector"
"Quarterly GDP at Constant Basic Prices of 2015-16","30-Sep-2016","TS_GP_RS_QGDP1516_Q.QGDP00020000","......I(b). Growth Rate of Agriculture Sector","1.95","Percent","Normal","","400","Growth Rate of Agriculture Sector"
"Quarterly GDP at Constant Basic Prices of 2015-16","30-Sep-2016","TS_GP_RS_QGDP1516_Q.QGDP00030000","......II(a). Industrial Sector","1514414.98","Million PKR","Normal","","500","Industrial Sector"
"Quarterly GDP at Constant Basic Prices of 2015-16","30-Sep-2016","TS_GP_RS_QGDP1516_Q.QGDP00040000","......II(b). Growth Rate of Industrial Sector","3.2","Percent","Normal","","600","Growth Rate of Industry Sector"
"Quarterly GDP at Constant Basic Prices of 2015-16","30-Sep-2016","TS_GP_RS_QGDP1516_Q.QGDP00050000","......III(a). Services Sector","4365763.13","Million PKR","Normal","","700","Services Sector"
"Quarterly GDP at Constant Basic Prices of 2015-16","30-Sep-2016","TS_GP_RS_QGDP1516_Q.QGDP00060000","......III(b). Growth Rate of Services Sector","4.5","Percent","Normal","","800","Growth Rate of Services Sector"
"Quarterly GDP at Constant Basic Prices of 2015-16","30-Jun-2016","TS_GP_RS_QGDP1516_Q.QGDP00070000","A. Gross Domestic Product (Total of Gross Value Addition at Constant Basic Prices(2015-16))","7671901.018","Million PKR","Normal","","100","Gross Domestic Product (Total of Gross Value Addition at Constant Basic Prices(2015-16))"
"Quarterly GDP at Constant Basic Prices of 2015-16","30-Jun-2016","TS_GP_RS_QGDP1516_Q.QGDP00080000","B. Growth Rate of Gross Domestic Product (Total of Gross Value Addition at Constant Factor Cost(2015-16))","","Percent","Missing value","","200","Growth Rate of Real Gross Domestic Product"
"Quarterly GDP at Constant Basic Prices of 2015-16","30-Jun-2016","TS_GP_RS_QGDP1516_Q.QGDP00010000","......I(a). Agricultural Sector","1831745.481","Million PKR","Normal","","300","Agricultural Sector"
"Quarterly GDP at Constant Basic Prices of 2015-16","30-Jun-2016","TS_GP_RS_QGDP1516_Q.QGDP00020000","......I(b). Growth Rate of Agriculture Sector","","Percent","Missing value","","400","Growth Rate of Agriculture Sector"
"Quarterly GDP at Constant Basic Prices of 2015-16","30-Jun-2016","TS_GP_RS_QGDP1516_Q.QGDP00030000","......II(a). Industrial Sector","1491149.655","Million PKR","Normal","","500","Industrial Sector"
"Quarterly GDP at Constant Basic Prices of 2015-16","30-Jun-2016","TS_GP_RS_QGDP1516_Q.QGDP00040000","......II(b). Growth Rate of Industrial Sector","","Percent","Missing value","","600","Growth Rate of Industry Sector"
"Quarterly GDP at Constant Basic Prices of 2015-16","30-Jun-2016","TS_GP_RS_QGDP1516_Q.QGDP00050000","......III(a). Services Sector","4349005.882","Million PKR","Normal","","700","Services Sector"
"Quarterly GDP at Constant Basic Prices of 2015-16","30-Jun-2016","TS_GP_RS_QGDP1516_Q.QGDP00060000","......III(b). Growth Rate of Services Sector","","Percent","Missing value","","800","Growth Rate of Services Sector"
"Quarterly GDP at Constant Basic Prices of 2015-16","31-Mar-2016","TS_GP_RS_QGDP1516_Q.QGDP00070000","A. Gross Domestic Product (Total of Gross Value Addition at Constant Basic Prices(2015-16))","7716775.392","Million PKR","Normal","","100","Gross Domestic Product (Total of Gross Value Addition at Constant Basic Prices(2015-16))"
"Quarterly GDP at Constant Basic Prices of 2015-16","31-Mar-2016","TS_GP_RS_QGDP1516_Q.QGDP00080000","B. Growth Rate of Gross Domestic Product (Total of Gross Value Addition at Constant Factor Cost(2015-16))","","Percent","Missing value","","200","Growth Rate of Real Gross Domestic Product"
"Quarterly GDP at Constant Basic Prices of 2015-16","31-Mar-2016","TS_GP_RS_QGDP1516_Q.QGDP00010000","......I(a). Agricultural Sector","1764238.17","Million PKR","Normal","","300","Agricultural Sector"
"Quarterly GDP at Constant Basic Prices of 2015-16","31-Mar-2016","TS_GP_RS_QGDP1516_Q.QGDP00020000","......I(b). Growth Rate of Agriculture Sector","","Percent","Missing value","","400","Growth Rate of Agriculture Sector"
"Quarterly GDP at Constant Basic Prices of 2015-16","31-Mar-2016","TS_GP_RS_QGDP1516_Q.QGDP00030000","......II(a). Industrial Sector","1541391.652","Million PKR","Normal","","500","Industrial Sector"
"Quarterly GDP at Constant Basic Prices of 2015-16","31-Mar-2016","TS_GP_RS_QGDP1516_Q.QGDP00040000","......II(b). Growth Rate of Industrial Sector","","Percent","Missing value","","600","Growth Rate of Industry Sector"
"Quarterly GDP at Constant Basic Prices of 2015-16","31-Mar-2016","TS_GP_RS_QGDP1516_Q.QGDP00050000","......III(a). Services Sector","4411145.57","Million PKR","Normal","","700","Services Sector"
"Quarterly GDP at Constant Basic Prices of 2015-16","31-Mar-2016","TS_GP_RS_QGDP1516_Q.QGDP00060000","......III(b). Growth Rate of Services Sector","","Percent","Missing value","","800","Growth Rate of Services Sector"
"Quarterly GDP at Constant Basic Prices of 2015-16","31-Dec-2015","TS_GP_RS_QGDP1516_Q.QGDP00070000","A. Gross Domestic Product (Total of Gross Value Addition at Constant Basic Prices(2015-16))","7596653.04","Million PKR","Normal","","100","Gross Domestic Product (Total of Gross Value Addition at Constant Basic Prices(2015-16))"
"Quarterly GDP at Constant Basic Prices of 2015-16","31-Dec-2015","TS_GP_RS_QGDP1516_Q.QGDP00080000","B. Growth Rate of Gross Domestic Product (Total of Gross Value Addition at Constant Factor Cost(2015-16))","","Percent","Missing value","","200","Growth Rate of Real Gross Domestic Product"
"Quarterly GDP at Constant Basic Prices of 2015-16","31-Dec-2015","TS_GP_RS_QGDP1516_Q.QGDP00010000","......I(a). Agricultural Sector","1833474.432","Million PKR","Normal","","300","Agricultural Sector"
"Quarterly GDP at Constant Basic Prices of 2015-16","31-Dec-2015","TS_GP_RS_QGDP1516_Q.QGDP00020000","......I(b). Growth Rate of Agriculture Sector","","Percent","Missing value","","400","Growth Rate of Agriculture Sector"
"Quarterly GDP at Constant Basic Prices of 2015-16","31-Dec-2015","TS_GP_RS_QGDP1516_Q.QGDP00030000","......II(a). Industrial Sector","1439618.026","Million PKR","Normal","","500","Industrial Sector"
"Quarterly GDP at Constant Basic Prices of 2015-16","31-Dec-2015","TS_GP_RS_QGDP1516_Q.QGDP00040000","......II(b). Growth Rate of Industrial Sector","","Percent","Missing value","","600","Growth Rate of Industry Sector"
"Quarterly GDP at Constant Basic Prices of 2015-16","31-Dec-2015","TS_GP_RS_QGDP1516_Q.QGDP00050000","......III(a). Services Sector","4323560.583","Million PKR","Normal","","700","Services Sector"
"Quarterly GDP at Constant Basic Prices of 2015-16","31-Dec-2015","TS_GP_RS_QGDP1516_Q.QGDP00060000","......III(b). Growth Rate of Services Sector","","Percent","Missing value","","800","Growth Rate of Services Sector"
"Quarterly GDP at Constant Basic Prices of 2015-16","30-Sep-2015","TS_GP_RS_QGDP1516_Q.QGDP00070000","A. Gross Domestic Product (Total of Gross Value Addition at Constant Basic Prices(2015-16))","7522877.493","Million PKR","Normal","","100","Gross Domestic Product (Total of Gross Value Addition at Constant Basic Prices(2015-16))"
"Quarterly GDP at Constant Basic Prices of 2015-16","30-Sep-2015","TS_GP_RS_QGDP1516_Q.QGDP00080000","B. Growth Rate of Gross Domestic Product (Total of Gross Value Addition at Constant Factor Cost(2015-16))","","Percent","Missing value","","200","Growth Rate of Real Gross Domestic Product"
"Quarterly GDP at Constant Basic Prices of 2015-16","30-Sep-2015","TS_GP_RS_QGDP1516_Q.QGDP00010000","......I(a). Agricultural Sector","1877498.917","Million PKR","Normal","","300","Agricultural Sector"
"Quarterly GDP at Constant Basic Prices of 2015-16","30-Sep-2015","TS_GP_RS_QGDP1516_Q.QGDP00020000","......I(b). Growth Rate of Agriculture Sector","","Percent","Missing value","","400","Growth Rate of Agriculture Sector"
"Quarterly GDP at Constant Basic Prices of 2015-16","30-Sep-2015","TS_GP_RS_QGDP1516_Q.QGDP00030000","......II(a). Industrial Sector","1467477.62","Million PKR","Normal","","500","Industrial Sector"
"Quarterly GDP at Constant Basic Prices of 2015-16","30-Sep-2015","TS_GP_RS_QGDP1516_Q.QGDP00040000","......II(b). Growth Rate of Industrial Sector","","Percent","Missing value","","600","Growth Rate of Industry Sector"
"Quarterly GDP at Constant Basic Prices of 2015-16","30-Sep-2015","TS_GP_RS_QGDP1516_Q.QGDP00050000","......III(a). Services Sector","4177900.956","Million PKR","Normal","","700","Services Sector"
"Quarterly GDP at Constant Basic Prices of 2015-16","30-Sep-2015","TS_GP_RS_QGDP1516_Q.QGDP00060000","......III(b). Growth Rate of Services Sector","","Percent","Missing value","","800","Growth Rate of Services Sector"
