date,month,quarter,year,fiscal_year,fiscal_quarter,is_ramadan,post_ramadan,cpi,oil_price,global_food_index
2018-10-01,10,4,2018,2018-19,2,FALSE,FALSE,6.5,81.03,93.2
2018-10-01,10,4,2018,2018-19,2,FALSE,FALSE,6.5,81.03,93.2
2018-10-01,10,4,2018,2018-19,2,FALSE,FALSE,6.5,81.03,93.2
2018-10-01,10,4,2018,2018-19,2,FALSE,FALSE,6.5,81.03,93.2
2018-10-01,10,4,2018,2018-19,2,FALSE,FALSE,6.5,81.03,93.2
2018-10-01,10,4,2018,2018-19,2,FALSE,FALSE,6.5,81.03,93.2
2018-10-01,10,4,2018,2018-19,2,FALSE,FALSE,6.5,81.03,93.2
2018-10-01,10,4,2018,2018-19,2,FALSE,FALSE,6.5,81.03,93.2
2018-10-01,10,4,2018,2018-19,2,FALSE,FALSE,6.5,81.03,93.2
2018-10-01,10,4,2018,2018-19,2,FALSE,FALSE,6.5,81.03,93.2
2018-10-01,10,4,2018,2018-19,2,FALSE,FALSE,6.5,81.03,93.2
2018-10-01,10,4,2018,2018-19,2,FALSE,FALSE,6.5,81.03,93.2
2018-10-01,10,4,2018,2018-19,2,FALSE,FALSE,6.5,81.03,93.2
2018-10-01,10,4,2018,2018-19,2,FALSE,FALSE,6.5,81.03,93.2
2018-10-01,10,4,2018,2018-19,2,FALSE,FALSE,6.5,81.03,93.2
2018-10-01,10,4,2018,2018-19,2,FALSE,FALSE,6.5,81.03,93.2
2018-10-01,10,4,2018,2018-19,2,FALSE,FALSE,6.5,81.03,93.2
2018-10-01,10,4,2018,2018-19,2,FALSE,FALSE,6.5,81.03,93.2
2018-11-01,11,4,2018,2018-19,2,FALSE,FALSE,5.66,64.75,91.9
2018-11-01,11,4,2018,2018-19,2,FALSE,FALSE,5.66,64.75,91.9
2018-11-01,11,4,2018,2018-19,2,FALSE,FALSE,5.66,64.75,91.9
2018-11-01,11,4,2018,2018-19,2,FALSE,FALSE,5.66,64.75,91.9
2018-11-01,11,4,2018,2018-19,2,FALSE,FALSE,5.66,64.75,91.9
2018-11-01,11,4,2018,2018-19,2,FALSE,FALSE,5.66,64.75,91.9
2018-11-01,11,4,2018,2018-19,2,FALSE,FALSE,5.66,64.75,91.9
2018-11-01,11,4,2018,2018-19,2,FALSE,FALSE,5.66,64.75,91.9
2018-11-01,11,4,2018,2018-19,2,FALSE,FALSE,5.66,64.75,91.9
2018-11-01,11,4,2018,2018-19,2,FALSE,FALSE,5.66,64.75,91.9
2018-11-01,11,4,2018,2018-19,2,FALSE,FALSE,5.66,64.75,91.9
2018-11-01,11,4,2018,2018-19,2,FALSE,FALSE,5.66,64.75,91.9
2018-11-01,11,4,2018,2018-19,2,FALSE,FALSE,5.66,64.75,91.9
2018-11-01,11,4,2018,2018-19,2,FALSE,FALSE,5.66,64.75,91.9
2018-11-01,11,4,2018,2018-19,2,FALSE,FALSE,5.66,64.75,91.9
2018-11-01,11,4,2018,2018-19,2,FALSE,FALSE,5.66,64.75,91.9
2018-11-01,11,4,2018,2018-19,2,FALSE,FALSE,5.66,64.75,91.9
2018-11-01,11,4,2018,2018-19,2,FALSE,FALSE,5.66,64.75,91.9
2018-12-01,12,4,2018,2018-19,2,FALSE,FALSE,5.37,57.36,92
2019-01-01,1,1,2019,2018-19,3,FALSE,FALSE,5.55,59.41,93.1
2019-02-01,2,1,2019,2018-19,3,FALSE,FALSE,6.75,63.96,93.8
2019-02-01,2,1,2019,2018-19,3,FALSE,FALSE,6.75,63.96,93.8
2019-02-01,2,1,2019,2018-19,3,FALSE,FALSE,6.75,63.96,93.8
2019-02-01,2,1,2019,2018-19,3,FALSE,FALSE,6.75,63.96,93.8
2019-02-01,2,1,2019,2018-19,3,FALSE,FALSE,6.75,63.96,93.8
2019-02-01,2,1,2019,2018-19,3,FALSE,FALSE,6.75,63.96,93.8
2019-02-01,2,1,2019,2018-19,3,FALSE,FALSE,6.75,63.96,93.8
2019-02-01,2,1,2019,2018-19,3,FALSE,FALSE,6.75,63.96,93.8
2019-02-01,2,1,2019,2018-19,3,FALSE,FALSE,6.75,63.96,93.8
2019-02-01,2,1,2019,2018-19,3,FALSE,FALSE,6.75,63.96,93.8
2019-02-01,2,1,2019,2018-19,3,FALSE,FALSE,6.75,63.96,93.8
2019-02-01,2,1,2019,2018-19,3,FALSE,FALSE,6.75,63.96,93.8
2019-02-01,2,1,2019,2018-19,3,FALSE,FALSE,6.75,63.96,93.8
2019-02-01,2,1,2019,2018-19,3,FALSE,FALSE,6.75,63.96,93.8
2019-02-01,2,1,2019,2018-19,3,FALSE,FALSE,6.75,63.96,93.8
2019-02-01,2,1,2019,2018-19,3,FALSE,FALSE,6.75,63.96,93.8
2019-02-01,2,1,2019,2018-19,3,FALSE,FALSE,6.75,63.96,93.8
2019-02-01,2,1,2019,2018-19,3,FALSE,FALSE,6.75,63.96,93.8
2019-03-01,3,1,2019,2018-19,3,FALSE,FALSE,8.64,66.14,93
2019-03-01,3,1,2019,2018-19,3,FALSE,FALSE,8.64,66.14,93
2019-03-01,3,1,2019,2018-19,3,FALSE,FALSE,8.64,66.14,93
2019-03-01,3,1,2019,2018-19,3,FALSE,FALSE,8.64,66.14,93
2019-03-01,3,1,2019,2018-19,3,FALSE,FALSE,8.64,66.14,93
2019-03-01,3,1,2019,2018-19,3,FALSE,FALSE,8.64,66.14,93
2019-03-01,3,1,2019,2018-19,3,FALSE,FALSE,8.64,66.14,93
2019-03-01,3,1,2019,2018-19,3,FALSE,FALSE,8.64,66.14,93
2019-03-01,3,1,2019,2018-19,3,FALSE,FALSE,8.64,66.14,93
2019-03-01,3,1,2019,2018-19,3,FALSE,FALSE,8.64,66.14,93
2019-03-01,3,1,2019,2018-19,3,FALSE,FALSE,8.64,66.14,93
2019-03-01,3,1,2019,2018-19,3,FALSE,FALSE,8.64,66.14,93
2019-03-01,3,1,2019,2018-19,3,FALSE,FALSE,8.64,66.14,93
2019-03-01,3,1,2019,2018-19,3,FALSE,FALSE,8.64,66.14,93
2019-03-01,3,1,2019,2018-19,3,FALSE,FALSE,8.64,66.14,93
2019-03-01,3,1,2019,2018-19,3,FALSE,FALSE,8.64,66.14,93
2019-03-01,3,1,2019,2018-19,3,FALSE,FALSE,8.64,66.14,93
2019-03-01,3,1,2019,2018-19,3,FALSE,FALSE,8.64,66.14,93
2019-04-01,4,2,2019,2018-19,4,FALSE,FALSE,8.27,71.23,93.5
2019-04-01,4,2,2019,2018-19,4,FALSE,FALSE,8.27,71.23,93.5
2019-04-01,4,2,2019,2018-19,4,FALSE,FALSE,8.27,71.23,93.5
2019-04-01,4,2,2019,2018-19,4,FALSE,FALSE,8.27,71.23,93.5
2019-04-01,4,2,2019,2018-19,4,FALSE,FALSE,8.27,71.23,93.5
2019-04-01,4,2,2019,2018-19,4,FALSE,FALSE,8.27,71.23,93.5
2019-04-01,4,2,2019,2018-19,4,FALSE,FALSE,8.27,71.23,93.5
2019-04-01,4,2,2019,2018-19,4,FALSE,FALSE,8.27,71.23,93.5
2019-04-01,4,2,2019,2018-19,4,FALSE,FALSE,8.27,71.23,93.5
2019-04-01,4,2,2019,2018-19,4,FALSE,FALSE,8.27,71.23,93.5
2019-04-01,4,2,2019,2018-19,4,FALSE,FALSE,8.27,71.23,93.5
2019-04-01,4,2,2019,2018-19,4,FALSE,FALSE,8.27,71.23,93.5
2019-04-01,4,2,2019,2018-19,4,FALSE,FALSE,8.27,71.23,93.5
2019-04-01,4,2,2019,2018-19,4,FALSE,FALSE,8.27,71.23,93.5
2019-04-01,4,2,2019,2018-19,4,FALSE,FALSE,8.27,71.23,93.5
2019-04-01,4,2,2019,2018-19,4,FALSE,FALSE,8.27,71.23,93.5
2019-04-01,4,2,2019,2018-19,4,FALSE,FALSE,8.27,71.23,93.5
2019-04-01,4,2,2019,2018-19,4,FALSE,FALSE,8.27,71.23,93.5
2019-05-01,5,2,2019,2018-19,4,FALSE,FALSE,8.42,71.32,94.2
2019-06-01,6,2,2019,2018-19,4,TRUE,FALSE,8.04,64.22,95.4
2019-07-01,7,3,2019,2019-20,1,FALSE,TRUE,8.38,63.92,95.1
2019-08-01,8,3,2019,2019-20,1,FALSE,FALSE,10.49,59.04,93.8
2019-08-01,8,3,2019,2019-20,1,FALSE,FALSE,10.49,59.04,93.8
2019-08-01,8,3,2019,2019-20,1,FALSE,FALSE,10.49,59.04,93.8
2019-08-01,8,3,2019,2019-20,1,FALSE,FALSE,10.49,59.04,93.8
2019-08-01,8,3,2019,2019-20,1,FALSE,FALSE,10.49,59.04,93.8
2019-08-01,8,3,2019,2019-20,1,FALSE,FALSE,10.49,59.04,93.8
2019-08-01,8,3,2019,2019-20,1,FALSE,FALSE,10.49,59.04,93.8
2019-08-01,8,3,2019,2019-20,1,FALSE,FALSE,10.49,59.04,93.8
2019-08-01,8,3,2019,2019-20,1,FALSE,FALSE,10.49,59.04,93.8
2019-08-01,8,3,2019,2019-20,1,FALSE,FALSE,10.49,59.04,93.8
2019-08-01,8,3,2019,2019-20,1,FALSE,FALSE,10.49,59.04,93.8
2019-08-01,8,3,2019,2019-20,1,FALSE,FALSE,10.49,59.04,93.8
2019-08-01,8,3,2019,2019-20,1,FALSE,FALSE,10.49,59.04,93.8
2019-08-01,8,3,2019,2019-20,1,FALSE,FALSE,10.49,59.04,93.8
2019-08-01,8,3,2019,2019-20,1,FALSE,FALSE,10.49,59.04,93.8
2019-08-01,8,3,2019,2019-20,1,FALSE,FALSE,10.49,59.04,93.8
2019-08-01,8,3,2019,2019-20,1,FALSE,FALSE,10.49,59.04,93.8
2019-08-01,8,3,2019,2019-20,1,FALSE,FALSE,10.49,59.04,93.8
2019-09-01,9,3,2019,2019-20,1,FALSE,FALSE,11.38,62.83,93.2
2019-10-01,10,4,2019,2019-20,2,FALSE,FALSE,11.04,59.71,95
2019-10-01,10,4,2019,2019-20,2,FALSE,FALSE,11.04,59.71,95
2019-10-01,10,4,2019,2019-20,2,FALSE,FALSE,11.04,59.71,95
2019-10-01,10,4,2019,2019-20,2,FALSE,FALSE,11.04,59.71,95
2019-10-01,10,4,2019,2019-20,2,FALSE,FALSE,11.04,59.71,95
2019-10-01,10,4,2019,2019-20,2,FALSE,FALSE,11.04,59.71,95
2019-10-01,10,4,2019,2019-20,2,FALSE,FALSE,11.04,59.71,95
2019-10-01,10,4,2019,2019-20,2,FALSE,FALSE,11.04,59.71,95
2019-10-01,10,4,2019,2019-20,2,FALSE,FALSE,11.04,59.71,95
2019-10-01,10,4,2019,2019-20,2,FALSE,FALSE,11.04,59.71,95
2019-10-01,10,4,2019,2019-20,2,FALSE,FALSE,11.04,59.71,95
2019-10-01,10,4,2019,2019-20,2,FALSE,FALSE,11.04,59.71,95
2019-10-01,10,4,2019,2019-20,2,FALSE,FALSE,11.04,59.71,95
2019-10-01,10,4,2019,2019-20,2,FALSE,FALSE,11.04,59.71,95
2019-10-01,10,4,2019,2019-20,2,FALSE,FALSE,11.04,59.71,95
2019-10-01,10,4,2019,2019-20,2,FALSE,FALSE,11.04,59.71,95
2019-10-01,10,4,2019,2019-20,2,FALSE,FALSE,11.04,59.71,95
2019-10-01,10,4,2019,2019-20,2,FALSE,FALSE,11.04,59.71,95
2019-11-01,11,4,2019,2019-20,2,FALSE,FALSE,12.67,63.21,98.2
2019-11-01,11,4,2019,2019-20,2,FALSE,FALSE,12.67,63.21,98.2
2019-11-01,11,4,2019,2019-20,2,FALSE,FALSE,12.67,63.21,98.2
2019-11-01,11,4,2019,2019-20,2,FALSE,FALSE,12.67,63.21,98.2
2019-11-01,11,4,2019,2019-20,2,FALSE,FALSE,12.67,63.21,98.2
2019-11-01,11,4,2019,2019-20,2,FALSE,FALSE,12.67,63.21,98.2
2019-11-01,11,4,2019,2019-20,2,FALSE,FALSE,12.67,63.21,98.2
2019-11-01,11,4,2019,2019-20,2,FALSE,FALSE,12.67,63.21,98.2
2019-11-01,11,4,2019,2019-20,2,FALSE,FALSE,12.67,63.21,98.2
2019-11-01,11,4,2019,2019-20,2,FALSE,FALSE,12.67,63.21,98.2
2019-11-01,11,4,2019,2019-20,2,FALSE,FALSE,12.67,63.21,98.2
2019-11-01,11,4,2019,2019-20,2,FALSE,FALSE,12.67,63.21,98.2
2019-11-01,11,4,2019,2019-20,2,FALSE,FALSE,12.67,63.21,98.2
2019-11-01,11,4,2019,2019-20,2,FALSE,FALSE,12.67,63.21,98.2
2019-11-01,11,4,2019,2019-20,2,FALSE,FALSE,12.67,63.21,98.2
2019-11-01,11,4,2019,2019-20,2,FALSE,FALSE,12.67,63.21,98.2
2019-11-01,11,4,2019,2019-20,2,FALSE,FALSE,12.67,63.21,98.2
2019-11-01,11,4,2019,2019-20,2,FALSE,FALSE,12.67,63.21,98.2
2019-12-01,12,4,2019,2019-20,2,FALSE,FALSE,12.63,67.31,100.8
2020-01-01,1,1,2020,2019-20,3,FALSE,FALSE,14.56,63.65,102.5
2020-02-01,2,1,2020,2019-20,3,FALSE,FALSE,12.4,55.66,99.6
2020-03-01,3,1,2020,2019-20,3,FALSE,FALSE,10.24,32.01,95.2
2020-04-01,4,2,2020,2019-20,4,FALSE,FALSE,8.52,18.38,92.4
2020-04-01,4,2,2020,2019-20,4,FALSE,FALSE,8.52,18.38,92.4
2020-04-01,4,2,2020,2019-20,4,FALSE,FALSE,8.52,18.38,92.4
2020-04-01,4,2,2020,2019-20,4,FALSE,FALSE,8.52,18.38,92.4
2020-04-01,4,2,2020,2019-20,4,FALSE,FALSE,8.52,18.38,92.4
2020-04-01,4,2,2020,2019-20,4,FALSE,FALSE,8.52,18.38,92.4
2020-04-01,4,2,2020,2019-20,4,FALSE,FALSE,8.52,18.38,92.4
2020-04-01,4,2,2020,2019-20,4,FALSE,FALSE,8.52,18.38,92.4
2020-04-01,4,2,2020,2019-20,4,FALSE,FALSE,8.52,18.38,92.4
2020-04-01,4,2,2020,2019-20,4,FALSE,FALSE,8.52,18.38,92.4
2020-04-01,4,2,2020,2019-20,4,FALSE,FALSE,8.52,18.38,92.4
2020-04-01,4,2,2020,2019-20,4,FALSE,FALSE,8.52,18.38,92.4
2020-04-01,4,2,2020,2019-20,4,FALSE,FALSE,8.52,18.38,92.4
2020-04-01,4,2,2020,2019-20,4,FALSE,FALSE,8.52,18.38,92.4
2020-05-01,5,2,2020,2019-20,4,TRUE,FALSE,8.23,29.38,91.2
2020-06-01,6,2,2020,2019-20,4,FALSE,TRUE,8.59,40.27,93.1
2020-06-01,6,2,2020,2019-20,4,FALSE,TRUE,8.59,40.27,93.1
2020-06-01,6,2,2020,2019-20,4,FALSE,TRUE,8.59,40.27,93.1
2020-06-01,6,2,2020,2019-20,4,FALSE,TRUE,8.59,40.27,93.1
2020-06-01,6,2,2020,2019-20,4,FALSE,TRUE,8.59,40.27,93.1
2020-06-01,6,2,2020,2019-20,4,FALSE,TRUE,8.59,40.27,93.1
2020-06-01,6,2,2020,2019-20,4,FALSE,TRUE,8.59,40.27,93.1
2020-06-01,6,2,2020,2019-20,4,FALSE,TRUE,8.59,40.27,93.1
2020-06-01,6,2,2020,2019-20,4,FALSE,TRUE,8.59,40.27,93.1
2020-06-01,6,2,2020,2019-20,4,FALSE,TRUE,8.59,40.27,93.1
2020-06-01,6,2,2020,2019-20,4,FALSE,TRUE,8.59,40.27,93.1
2020-06-01,6,2,2020,2019-20,4,FALSE,TRUE,8.59,40.27,93.1
2020-06-01,6,2,2020,2019-20,4,FALSE,TRUE,8.59,40.27,93.1
2020-06-01,6,2,2020,2019-20,4,FALSE,TRUE,8.59,40.27,93.1
2020-07-01,7,3,2020,2020-21,1,FALSE,FALSE,9.3,43.24,93.8
2020-08-01,8,3,2020,2020-21,1,FALSE,FALSE,8.21,44.74,95.7
2020-09-01,9,3,2020,2020-21,1,FALSE,FALSE,9.03,40.91,97.9
2020-09-01,9,3,2020,2020-21,1,FALSE,FALSE,9.03,40.91,97.9
2020-09-01,9,3,2020,2020-21,1,FALSE,FALSE,9.03,40.91,97.9
2020-09-01,9,3,2020,2020-21,1,FALSE,FALSE,9.03,40.91,97.9
2020-09-01,9,3,2020,2020-21,1,FALSE,FALSE,9.03,40.91,97.9
2020-09-01,9,3,2020,2020-21,1,FALSE,FALSE,9.03,40.91,97.9
2020-09-01,9,3,2020,2020-21,1,FALSE,FALSE,9.03,40.91,97.9
2020-09-01,9,3,2020,2020-21,1,FALSE,FALSE,9.03,40.91,97.9
2020-09-01,9,3,2020,2020-21,1,FALSE,FALSE,9.03,40.91,97.9
2020-09-01,9,3,2020,2020-21,1,FALSE,FALSE,9.03,40.91,97.9
2020-09-01,9,3,2020,2020-21,1,FALSE,FALSE,9.03,40.91,97.9
2020-09-01,9,3,2020,2020-21,1,FALSE,FALSE,9.03,40.91,97.9
2020-09-01,9,3,2020,2020-21,1,FALSE,FALSE,9.03,40.91,97.9
2020-09-01,9,3,2020,2020-21,1,FALSE,FALSE,9.03,40.91,97.9
2020-10-01,10,4,2020,2020-21,2,FALSE,FALSE,8.91,40.19,101.3
2020-10-01,10,4,2020,2020-21,2,FALSE,FALSE,8.91,40.19,101.3
2020-10-01,10,4,2020,2020-21,2,FALSE,FALSE,8.91,40.19,101.3
2020-10-01,10,4,2020,2020-21,2,FALSE,FALSE,8.91,40.19,101.3
2020-10-01,10,4,2020,2020-21,2,FALSE,FALSE,8.91,40.19,101.3
2020-10-01,10,4,2020,2020-21,2,FALSE,FALSE,8.91,40.19,101.3
2020-10-01,10,4,2020,2020-21,2,FALSE,FALSE,8.91,40.19,101.3
2020-10-01,10,4,2020,2020-21,2,FALSE,FALSE,8.91,40.19,101.3
2020-10-01,10,4,2020,2020-21,2,FALSE,FALSE,8.91,40.19,101.3
2020-10-01,10,4,2020,2020-21,2,FALSE,FALSE,8.91,40.19,101.3
2020-10-01,10,4,2020,2020-21,2,FALSE,FALSE,8.91,40.19,101.3
2020-10-01,10,4,2020,2020-21,2,FALSE,FALSE,8.91,40.19,101.3
2020-10-01,10,4,2020,2020-21,2,FALSE,FALSE,8.91,40.19,101.3
2020-10-01,10,4,2020,2020-21,2,FALSE,FALSE,8.91,40.19,101.3
2020-11-01,11,4,2020,2020-21,2,FALSE,FALSE,8.35,42.69,105.5
2020-12-01,12,4,2020,2020-21,2,FALSE,FALSE,7.98,49.99,108.5
2020-12-01,12,4,2020,2020-21,2,FALSE,FALSE,7.98,49.99,108.5
2020-12-01,12,4,2020,2020-21,2,FALSE,FALSE,7.98,49.99,108.5
2020-12-01,12,4,2020,2020-21,2,FALSE,FALSE,7.98,49.99,108.5
2020-12-01,12,4,2020,2020-21,2,FALSE,FALSE,7.98,49.99,108.5
2020-12-01,12,4,2020,2020-21,2,FALSE,FALSE,7.98,49.99,108.5
2020-12-01,12,4,2020,2020-21,2,FALSE,FALSE,7.98,49.99,108.5
2020-12-01,12,4,2020,2020-21,2,FALSE,FALSE,7.98,49.99,108.5
2020-12-01,12,4,2020,2020-21,2,FALSE,FALSE,7.98,49.99,108.5
2020-12-01,12,4,2020,2020-21,2,FALSE,FALSE,7.98,49.99,108.5
2020-12-01,12,4,2020,2020-21,2,FALSE,FALSE,7.98,49.99,108.5
2020-12-01,12,4,2020,2020-21,2,FALSE,FALSE,7.98,49.99,108.5
2020-12-01,12,4,2020,2020-21,2,FALSE,FALSE,7.98,49.99,108.5
2020-12-01,12,4,2020,2020-21,2,FALSE,FALSE,7.98,49.99,108.5
2021-01-01,1,1,2021,2020-21,3,FALSE,FALSE,5.7,54.77,113.5
2021-02-01,2,1,2021,2020-21,3,FALSE,FALSE,8.7,62.28,116.5
2021-02-01,2,1,2021,2020-21,3,FALSE,FALSE,8.7,62.28,116.5
2021-02-01,2,1,2021,2020-21,3,FALSE,FALSE,8.7,62.28,116.5
2021-02-01,2,1,2021,2020-21,3,FALSE,FALSE,8.7,62.28,116.5
2021-02-01,2,1,2021,2020-21,3,FALSE,FALSE,8.7,62.28,116.5
2021-02-01,2,1,2021,2020-21,3,FALSE,FALSE,8.7,62.28,116.5
2021-02-01,2,1,2021,2020-21,3,FALSE,FALSE,8.7,62.28,116.5
2021-02-01,2,1,2021,2020-21,3,FALSE,FALSE,8.7,62.28,116.5
2021-02-01,2,1,2021,2020-21,3,FALSE,FALSE,8.7,62.28,116.5
2021-02-01,2,1,2021,2020-21,3,FALSE,FALSE,8.7,62.28,116.5
2021-02-01,2,1,2021,2020-21,3,FALSE,FALSE,8.7,62.28,116.5
2021-02-01,2,1,2021,2020-21,3,FALSE,FALSE,8.7,62.28,116.5
2021-02-01,2,1,2021,2020-21,3,FALSE,FALSE,8.7,62.28,116.5
2021-02-01,2,1,2021,2020-21,3,FALSE,FALSE,8.7,62.28,116.5
2021-03-01,3,1,2021,2020-21,3,FALSE,FALSE,9.1,65.41,119.1
2021-03-01,3,1,2021,2020-21,3,FALSE,FALSE,9.1,65.41,119.1
2021-03-01,3,1,2021,2020-21,3,FALSE,FALSE,9.1,65.41,119.1
2021-03-01,3,1,2021,2020-21,3,FALSE,FALSE,9.1,65.41,119.1
2021-03-01,3,1,2021,2020-21,3,FALSE,FALSE,9.1,65.41,119.1
2021-03-01,3,1,2021,2020-21,3,FALSE,FALSE,9.1,65.41,119.1
2021-03-01,3,1,2021,2020-21,3,FALSE,FALSE,9.1,65.41,119.1
2021-03-01,3,1,2021,2020-21,3,FALSE,FALSE,9.1,65.41,119.1
2021-03-01,3,1,2021,2020-21,3,FALSE,FALSE,9.1,65.41,119.1
2021-03-01,3,1,2021,2020-21,3,FALSE,FALSE,9.1,65.41,119.1
2021-03-01,3,1,2021,2020-21,3,FALSE,FALSE,9.1,65.41,119.1
2021-03-01,3,1,2021,2020-21,3,FALSE,FALSE,9.1,65.41,119.1
2021-03-01,3,1,2021,2020-21,3,FALSE,FALSE,9.1,65.41,119.1
2021-03-01,3,1,2021,2020-21,3,FALSE,FALSE,9.1,65.41,119.1
2021-04-01,4,2,2021,2020-21,4,FALSE,FALSE,11.1,64.81,122.1
2021-04-01,4,2,2021,2020-21,4,FALSE,FALSE,11.1,64.81,122.1
2021-04-01,4,2,2021,2020-21,4,FALSE,FALSE,11.1,64.81,122.1
2021-04-01,4,2,2021,2020-21,4,FALSE,FALSE,11.1,64.81,122.1
2021-04-01,4,2,2021,2020-21,4,FALSE,FALSE,11.1,64.81,122.1
2021-04-01,4,2,2021,2020-21,4,FALSE,FALSE,11.1,64.81,122.1
2021-04-01,4,2,2021,2020-21,4,FALSE,FALSE,11.1,64.81,122.1
2021-04-01,4,2,2021,2020-21,4,FALSE,FALSE,11.1,64.81,122.1
2021-04-01,4,2,2021,2020-21,4,FALSE,FALSE,11.1,64.81,122.1
2021-04-01,4,2,2021,2020-21,4,FALSE,FALSE,11.1,64.81,122.1
2021-04-01,4,2,2021,2020-21,4,FALSE,FALSE,11.1,64.81,122.1
2021-04-01,4,2,2021,2020-21,4,FALSE,FALSE,11.1,64.81,122.1
2021-04-01,4,2,2021,2020-21,4,FALSE,FALSE,11.1,64.81,122.1
2021-04-01,4,2,2021,2020-21,4,FALSE,FALSE,11.1,64.81,122.1
2021-05-01,5,2,2021,2020-21,4,TRUE,FALSE,10.86176628,68.53,128.4
2021-06-01,6,2,2021,2020-21,4,FALSE,TRUE,9.655669291,73.16,125.4
2021-06-01,6,2,2021,2020-21,4,FALSE,TRUE,9.655669291,73.16,125.4
2021-06-01,6,2,2021,2020-21,4,FALSE,TRUE,9.655669291,73.16,125.4
2021-06-01,6,2,2021,2020-21,4,FALSE,TRUE,9.655669291,73.16,125.4
2021-06-01,6,2,2021,2020-21,4,FALSE,TRUE,9.655669291,73.16,125.4
2021-06-01,6,2,2021,2020-21,4,FALSE,TRUE,9.655669291,73.16,125.4
2021-06-01,6,2,2021,2020-21,4,FALSE,TRUE,9.655669291,73.16,125.4
2021-06-01,6,2,2021,2020-21,4,FALSE,TRUE,9.655669291,73.16,125.4
2021-06-01,6,2,2021,2020-21,4,FALSE,TRUE,9.655669291,73.16,125.4
2021-06-01,6,2,2021,2020-21,4,FALSE,TRUE,9.655669291,73.16,125.4
2021-06-01,6,2,2021,2020-21,4,FALSE,TRUE,9.655669291,73.16,125.4
2021-06-01,6,2,2021,2020-21,4,FALSE,TRUE,9.655669291,73.16,125.4
2021-06-01,6,2,2021,2020-21,4,FALSE,TRUE,9.655669291,73.16,125.4
2021-06-01,6,2,2021,2020-21,4,FALSE,TRUE,9.655669291,73.16,125.4
2021-07-01,7,3,2021,2021-22,1,FALSE,FALSE,8.405968385,75.17,124.4
2021-08-01,8,3,2021,2021-22,1,FALSE,FALSE,8.353519783,70.75,128
2021-09-01,9,3,2021,2021-22,1,FALSE,FALSE,8.979178716,74.49,129.1
2021-09-01,9,3,2021,2021-22,1,FALSE,FALSE,8.979178716,74.49,129.1
2021-09-01,9,3,2021,2021-22,1,FALSE,FALSE,8.979178716,74.49,129.1
2021-09-01,9,3,2021,2021-22,1,FALSE,FALSE,8.979178716,74.49,129.1
2021-09-01,9,3,2021,2021-22,1,FALSE,FALSE,8.979178716,74.49,129.1
2021-09-01,9,3,2021,2021-22,1,FALSE,FALSE,8.979178716,74.49,129.1
2021-09-01,9,3,2021,2021-22,1,FALSE,FALSE,8.979178716,74.49,129.1
2021-09-01,9,3,2021,2021-22,1,FALSE,FALSE,8.979178716,74.49,129.1
2021-09-01,9,3,2021,2021-22,1,FALSE,FALSE,8.979178716,74.49,129.1
2021-09-01,9,3,2021,2021-22,1,FALSE,FALSE,8.979178716,74.49,129.1
2021-09-01,9,3,2021,2021-22,1,FALSE,FALSE,8.979178716,74.49,129.1
2021-09-01,9,3,2021,2021-22,1,FALSE,FALSE,8.979178716,74.49,129.1
2021-09-01,9,3,2021,2021-22,1,FALSE,FALSE,8.979178716,74.49,129.1
2021-09-01,9,3,2021,2021-22,1,FALSE,FALSE,8.979178716,74.49,129.1
2021-10-01,10,4,2021,2021-22,2,FALSE,FALSE,9.2,83.54,133.3
2021-10-01,10,4,2021,2021-22,2,FALSE,FALSE,9.2,83.54,133.3
2021-10-01,10,4,2021,2021-22,2,FALSE,FALSE,9.2,83.54,133.3
2021-10-01,10,4,2021,2021-22,2,FALSE,FALSE,9.2,83.54,133.3
2021-10-01,10,4,2021,2021-22,2,FALSE,FALSE,9.2,83.54,133.3
2021-10-01,10,4,2021,2021-22,2,FALSE,FALSE,9.2,83.54,133.3
2021-10-01,10,4,2021,2021-22,2,FALSE,FALSE,9.2,83.54,133.3
2021-10-01,10,4,2021,2021-22,2,FALSE,FALSE,9.2,83.54,133.3
2021-10-01,10,4,2021,2021-22,2,FALSE,FALSE,9.2,83.54,133.3
2021-10-01,10,4,2021,2021-22,2,FALSE,FALSE,9.2,83.54,133.3
2021-10-01,10,4,2021,2021-22,2,FALSE,FALSE,9.2,83.54,133.3
2021-10-01,10,4,2021,2021-22,2,FALSE,FALSE,9.2,83.54,133.3
2021-10-01,10,4,2021,2021-22,2,FALSE,FALSE,9.2,83.54,133.3
2021-10-01,10,4,2021,2021-22,2,FALSE,FALSE,9.2,83.54,133.3
2021-11-01,11,4,2021,2021-22,2,FALSE,FALSE,11.5,81.05,135.4
2021-11-01,11,4,2021,2021-22,2,FALSE,FALSE,11.5,81.05,135.4
2021-11-01,11,4,2021,2021-22,2,FALSE,FALSE,11.5,81.05,135.4
2021-11-01,11,4,2021,2021-22,2,FALSE,FALSE,11.5,81.05,135.4
2021-11-01,11,4,2021,2021-22,2,FALSE,FALSE,11.5,81.05,135.4
2021-11-01,11,4,2021,2021-22,2,FALSE,FALSE,11.5,81.05,135.4
2021-11-01,11,4,2021,2021-22,2,FALSE,FALSE,11.5,81.05,135.4
2021-11-01,11,4,2021,2021-22,2,FALSE,FALSE,11.5,81.05,135.4
2021-11-01,11,4,2021,2021-22,2,FALSE,FALSE,11.5,81.05,135.4
2021-11-01,11,4,2021,2021-22,2,FALSE,FALSE,11.5,81.05,135.4
2021-11-01,11,4,2021,2021-22,2,FALSE,FALSE,11.5,81.05,135.4
2021-11-01,11,4,2021,2021-22,2,FALSE,FALSE,11.5,81.05,135.4
2021-11-01,11,4,2021,2021-22,2,FALSE,FALSE,11.5,81.05,135.4
2021-11-01,11,4,2021,2021-22,2,FALSE,FALSE,11.5,81.05,135.4
2021-12-01,12,4,2021,2021-22,2,FALSE,FALSE,12.28169814,74.17,133.7
2021-12-01,12,4,2021,2021-22,2,FALSE,FALSE,12.28169814,74.17,133.7
2021-12-01,12,4,2021,2021-22,2,FALSE,FALSE,12.28169814,74.17,133.7
2021-12-01,12,4,2021,2021-22,2,FALSE,FALSE,12.28169814,74.17,133.7
2021-12-01,12,4,2021,2021-22,2,FALSE,FALSE,12.28169814,74.17,133.7
2021-12-01,12,4,2021,2021-22,2,FALSE,FALSE,12.28169814,74.17,133.7
2021-12-01,12,4,2021,2021-22,2,FALSE,FALSE,12.28169814,74.17,133.7
2021-12-01,12,4,2021,2021-22,2,FALSE,FALSE,12.28169814,74.17,133.7
2021-12-01,12,4,2021,2021-22,2,FALSE,FALSE,12.28169814,74.17,133.7
2021-12-01,12,4,2021,2021-22,2,FALSE,FALSE,12.28169814,74.17,133.7
2021-12-01,12,4,2021,2021-22,2,FALSE,FALSE,12.28169814,74.17,133.7
2021-12-01,12,4,2021,2021-22,2,FALSE,FALSE,12.28169814,74.17,133.7
2021-12-01,12,4,2021,2021-22,2,FALSE,FALSE,12.28169814,74.17,133.7
2021-12-01,12,4,2021,2021-22,2,FALSE,FALSE,12.28169814,74.17,133.7
2021-12-01,12,4,2021,2021-22,2,FALSE,FALSE,12.28169814,74.17,133.7
2021-12-01,12,4,2021,2021-22,2,FALSE,FALSE,12.28169814,74.17,133.7
2021-12-01,12,4,2021,2021-22,2,FALSE,FALSE,12.28169814,74.17,133.7
2021-12-01,12,4,2021,2021-22,2,FALSE,FALSE,12.28169814,74.17,133.7
2021-12-01,12,4,2021,2021-22,2,FALSE,FALSE,12.28169814,74.17,133.7
2021-12-01,12,4,2021,2021-22,2,FALSE,FALSE,12.28169814,74.17,133.7
2021-12-01,12,4,2021,2021-22,2,FALSE,FALSE,12.28169814,74.17,133.7
2021-12-01,12,4,2021,2021-22,2,FALSE,FALSE,12.28169814,74.17,133.7
2021-12-01,12,4,2021,2021-22,2,FALSE,FALSE,12.28169814,74.17,133.7
2021-12-01,12,4,2021,2021-22,2,FALSE,FALSE,12.28169814,74.17,133.7
2021-12-01,12,4,2021,2021-22,2,FALSE,FALSE,12.28169814,74.17,133.7
2021-12-01,12,4,2021,2021-22,2,FALSE,FALSE,12.28169814,74.17,133.7
2021-12-01,12,4,2021,2021-22,2,FALSE,FALSE,12.28169814,74.17,133.7
2021-12-01,12,4,2021,2021-22,2,FALSE,FALSE,12.28169814,74.17,133.7
2021-12-01,12,4,2021,2021-22,2,FALSE,FALSE,12.28169814,74.17,133.7
2021-12-01,12,4,2021,2021-22,2,FALSE,FALSE,12.28169814,74.17,133.7
2021-12-01,12,4,2021,2021-22,2,FALSE,FALSE,12.28169814,74.17,133.7
2021-12-01,12,4,2021,2021-22,2,FALSE,FALSE,12.28169814,74.17,133.7
2021-12-01,12,4,2021,2021-22,2,FALSE,FALSE,12.28169814,74.17,133.7
2021-12-01,12,4,2021,2021-22,2,FALSE,FALSE,12.28169814,74.17,133.7
2021-12-01,12,4,2021,2021-22,2,FALSE,FALSE,12.28169814,74.17,133.7
2021-12-01,12,4,2021,2021-22,2,FALSE,FALSE,12.28169814,74.17,133.7
2021-12-01,12,4,2021,2021-22,2,FALSE,FALSE,12.28169814,74.17,133.7
2021-12-01,12,4,2021,2021-22,2,FALSE,FALSE,12.28169814,74.17,133.7
2021-12-01,12,4,2021,2021-22,2,FALSE,FALSE,12.28169814,74.17,133.7
2021-12-01,12,4,2021,2021-22,2,FALSE,FALSE,12.28169814,74.17,133.7
2021-12-01,12,4,2021,2021-22,2,FALSE,FALSE,12.28169814,74.17,133.7
2021-12-01,12,4,2021,2021-22,2,FALSE,FALSE,12.28169814,74.17,133.7
2021-12-01,12,4,2021,2021-22,2,FALSE,FALSE,12.28169814,74.17,133.7
2021-12-01,12,4,2021,2021-22,2,FALSE,FALSE,12.28169814,74.17,133.7
2021-12-01,12,4,2021,2021-22,2,FALSE,FALSE,12.28169814,74.17,133.7
2021-12-01,12,4,2021,2021-22,2,FALSE,FALSE,12.28169814,74.17,133.7
2021-12-01,12,4,2021,2021-22,2,FALSE,FALSE,12.28169814,74.17,133.7
2021-12-01,12,4,2021,2021-22,2,FALSE,FALSE,12.28169814,74.17,133.7
2021-12-01,12,4,2021,2021-22,2,FALSE,FALSE,12.28169814,74.17,133.7
2021-12-01,12,4,2021,2021-22,2,FALSE,FALSE,12.28169814,74.17,133.7
2021-12-01,12,4,2021,2021-22,2,FALSE,FALSE,12.28169814,74.17,133.7
2021-12-01,12,4,2021,2021-22,2,FALSE,FALSE,12.28169814,74.17,133.7
2021-12-01,12,4,2021,2021-22,2,FALSE,FALSE,12.28169814,74.17,133.7
2021-12-01,12,4,2021,2021-22,2,FALSE,FALSE,12.28169814,74.17,133.7
2021-12-01,12,4,2021,2021-22,2,FALSE,FALSE,12.28169814,74.17,133.7
2021-12-01,12,4,2021,2021-22,2,FALSE,FALSE,12.28169814,74.17,133.7
2021-12-01,12,4,2021,2021-22,2,FALSE,FALSE,12.28169814,74.17,133.7
2021-12-01,12,4,2021,2021-22,2,FALSE,FALSE,12.28169814,74.17,133.7
2021-12-01,12,4,2021,2021-22,2,FALSE,FALSE,12.28169814,74.17,133.7
2021-12-01,12,4,2021,2021-22,2,FALSE,FALSE,12.28169814,74.17,133.7
2021-12-01,12,4,2021,2021-22,2,FALSE,FALSE,12.28169814,74.17,133.7
2021-12-01,12,4,2021,2021-22,2,FALSE,FALSE,12.28169814,74.17,133.7
2021-12-01,12,4,2021,2021-22,2,FALSE,FALSE,12.28169814,74.17,133.7
2021-12-01,12,4,2021,2021-22,2,FALSE,FALSE,12.28169814,74.17,133.7
2021-12-01,12,4,2021,2021-22,2,FALSE,FALSE,12.28169814,74.17,133.7
2021-12-01,12,4,2021,2021-22,2,FALSE,FALSE,12.28169814,74.17,133.7
2021-12-01,12,4,2021,2021-22,2,FALSE,FALSE,12.28169814,74.17,133.7
2021-12-01,12,4,2021,2021-22,2,FALSE,FALSE,12.28169814,74.17,133.7
2021-12-01,12,4,2021,2021-22,2,FALSE,FALSE,12.28169814,74.17,133.7
2021-12-01,12,4,2021,2021-22,2,FALSE,FALSE,12.28169814,74.17,133.7
2021-12-01,12,4,2021,2021-22,2,FALSE,FALSE,12.28169814,74.17,133.7
2021-12-01,12,4,2021,2021-22,2,FALSE,FALSE,12.28169814,74.17,133.7
2021-12-01,12,4,2021,2021-22,2,FALSE,FALSE,12.28169814,74.17,133.7
2021-12-01,12,4,2021,2021-22,2,FALSE,FALSE,12.28169814,74.17,133.7
2021-12-01,12,4,2021,2021-22,2,FALSE,FALSE,12.28169814,74.17,133.7
2021-12-01,12,4,2021,2021-22,2,FALSE,FALSE,12.28169814,74.17,133.7
2021-12-01,12,4,2021,2021-22,2,FALSE,FALSE,12.28169814,74.17,133.7
2021-12-01,12,4,2021,2021-22,2,FALSE,FALSE,12.28169814,74.17,133.7
2021-12-01,12,4,2021,2021-22,2,FALSE,FALSE,12.28169814,74.17,133.7
2021-12-01,12,4,2021,2021-22,2,FALSE,FALSE,12.28169814,74.17,133.7
2021-12-01,12,4,2021,2021-22,2,FALSE,FALSE,12.28169814,74.17,133.7
2021-12-01,12,4,2021,2021-22,2,FALSE,FALSE,12.28169814,74.17,133.7
2021-12-01,12,4,2021,2021-22,2,FALSE,FALSE,12.28169814,74.17,133.7
2021-12-01,12,4,2021,2021-22,2,FALSE,FALSE,12.28169814,74.17,133.7
2022-01-01,1,1,2022,2021-22,3,FALSE,FALSE,12.96243597,86.51,135.7
2022-02-01,2,1,2022,2021-22,3,FALSE,FALSE,12.24404221,97.13,141.7
2022-02-01,2,1,2022,2021-22,3,FALSE,FALSE,12.24404221,97.13,141.7
2022-02-01,2,1,2022,2021-22,3,FALSE,FALSE,12.24404221,97.13,141.7
2022-02-01,2,1,2022,2021-22,3,FALSE,FALSE,12.24404221,97.13,141.7
2022-02-01,2,1,2022,2021-22,3,FALSE,FALSE,12.24404221,97.13,141.7
2022-02-01,2,1,2022,2021-22,3,FALSE,FALSE,12.24404221,97.13,141.7
2022-02-01,2,1,2022,2021-22,3,FALSE,FALSE,12.24404221,97.13,141.7
2022-02-01,2,1,2022,2021-22,3,FALSE,FALSE,12.24404221,97.13,141.7
2022-02-01,2,1,2022,2021-22,3,FALSE,FALSE,12.24404221,97.13,141.7
2022-02-01,2,1,2022,2021-22,3,FALSE,FALSE,12.24404221,97.13,141.7
2022-02-01,2,1,2022,2021-22,3,FALSE,FALSE,12.24404221,97.13,141.7
2022-02-01,2,1,2022,2021-22,3,FALSE,FALSE,12.24404221,97.13,141.7
2022-02-01,2,1,2022,2021-22,3,FALSE,FALSE,12.24404221,97.13,141.7
2022-02-01,2,1,2022,2021-22,3,FALSE,FALSE,12.24404221,97.13,141.7
2022-03-01,3,1,2022,2021-22,3,FALSE,FALSE,12.7,117.25,160.2
2022-03-01,3,1,2022,2021-22,3,FALSE,FALSE,12.7,117.25,160.2
2022-03-01,3,1,2022,2021-22,3,FALSE,FALSE,12.7,117.25,160.2
2022-03-01,3,1,2022,2021-22,3,FALSE,FALSE,12.7,117.25,160.2
2022-03-01,3,1,2022,2021-22,3,FALSE,FALSE,12.7,117.25,160.2
2022-03-01,3,1,2022,2021-22,3,FALSE,FALSE,12.7,117.25,160.2
2022-03-01,3,1,2022,2021-22,3,FALSE,FALSE,12.7,117.25,160.2
2022-03-01,3,1,2022,2021-22,3,FALSE,FALSE,12.7,117.25,160.2
2022-03-01,3,1,2022,2021-22,3,FALSE,FALSE,12.7,117.25,160.2
2022-03-01,3,1,2022,2021-22,3,FALSE,FALSE,12.7,117.25,160.2
2022-03-01,3,1,2022,2021-22,3,FALSE,FALSE,12.7,117.25,160.2
2022-03-01,3,1,2022,2021-22,3,FALSE,FALSE,12.7,117.25,160.2
2022-03-01,3,1,2022,2021-22,3,FALSE,FALSE,12.7,117.25,160.2
2022-03-01,3,1,2022,2021-22,3,FALSE,FALSE,12.7,117.25,160.2
2022-04-01,4,2,2022,2021-22,4,FALSE,FALSE,13.37790337,104.58,158.8
2022-04-01,4,2,2022,2021-22,4,FALSE,FALSE,13.37790337,104.58,158.8
2022-04-01,4,2,2022,2021-22,4,FALSE,FALSE,13.37790337,104.58,158.8
2022-04-01,4,2,2022,2021-22,4,FALSE,FALSE,13.37790337,104.58,158.8
2022-04-01,4,2,2022,2021-22,4,FALSE,FALSE,13.37790337,104.58,158.8
2022-04-01,4,2,2022,2021-22,4,FALSE,FALSE,13.37790337,104.58,158.8
2022-04-01,4,2,2022,2021-22,4,FALSE,FALSE,13.37790337,104.58,158.8
2022-04-01,4,2,2022,2021-22,4,FALSE,FALSE,13.37790337,104.58,158.8
2022-04-01,4,2,2022,2021-22,4,FALSE,FALSE,13.37790337,104.58,158.8
2022-04-01,4,2,2022,2021-22,4,FALSE,FALSE,13.37790337,104.58,158.8
2022-04-01,4,2,2022,2021-22,4,FALSE,FALSE,13.37790337,104.58,158.8
2022-04-01,4,2,2022,2021-22,4,FALSE,FALSE,13.37790337,104.58,158.8
2022-04-01,4,2,2022,2021-22,4,FALSE,FALSE,13.37790337,104.58,158.8
2022-04-01,4,2,2022,2021-22,4,FALSE,FALSE,13.37790337,104.58,158.8
2022-05-01,5,2,2022,2021-22,4,TRUE,FALSE,13.8,113.34,158.7
2022-06-01,6,2,2022,2021-22,4,FALSE,TRUE,21.3,122.71,155.7
2022-06-01,6,2,2022,2021-22,4,FALSE,TRUE,21.3,122.71,155.7
2022-06-01,6,2,2022,2021-22,4,FALSE,TRUE,21.3,122.71,155.7
2022-06-01,6,2,2022,2021-22,4,FALSE,TRUE,21.3,122.71,155.7
2022-06-01,6,2,2022,2021-22,4,FALSE,TRUE,21.3,122.71,155.7
2022-06-01,6,2,2022,2021-22,4,FALSE,TRUE,21.3,122.71,155.7
2022-06-01,6,2,2022,2021-22,4,FALSE,TRUE,21.3,122.71,155.7
2022-06-01,6,2,2022,2021-22,4,FALSE,TRUE,21.3,122.71,155.7
2022-06-01,6,2,2022,2021-22,4,FALSE,TRUE,21.3,122.71,155.7
2022-06-01,6,2,2022,2021-22,4,FALSE,TRUE,21.3,122.71,155.7
2022-06-01,6,2,2022,2021-22,4,FALSE,TRUE,21.3,122.71,155.7
2022-06-01,6,2,2022,2021-22,4,FALSE,TRUE,21.3,122.71,155.7
2022-06-01,6,2,2022,2021-22,4,FALSE,TRUE,21.3,122.71,155.7
2022-06-01,6,2,2022,2021-22,4,FALSE,TRUE,21.3,122.71,155.7
2022-06-01,6,2,2022,2021-22,4,FALSE,TRUE,21.3,122.71,155.7
2022-06-01,6,2,2022,2021-22,4,FALSE,TRUE,21.3,122.71,155.7
2022-06-01,6,2,2022,2021-22,4,FALSE,TRUE,21.3,122.71,155.7
2022-06-01,6,2,2022,2021-22,4,FALSE,TRUE,21.3,122.71,155.7
2022-06-01,6,2,2022,2021-22,4,FALSE,TRUE,21.3,122.71,155.7
2022-06-01,6,2,2022,2021-22,4,FALSE,TRUE,21.3,122.71,155.7
2022-06-01,6,2,2022,2021-22,4,FALSE,TRUE,21.3,122.71,155.7
2022-06-01,6,2,2022,2021-22,4,FALSE,TRUE,21.3,122.71,155.7
2022-06-01,6,2,2022,2021-22,4,FALSE,TRUE,21.3,122.71,155.7
2022-06-01,6,2,2022,2021-22,4,FALSE,TRUE,21.3,122.71,155.7
2022-06-01,6,2,2022,2021-22,4,FALSE,TRUE,21.3,122.71,155.7
2022-06-01,6,2,2022,2021-22,4,FALSE,TRUE,21.3,122.71,155.7
2022-06-01,6,2,2022,2021-22,4,FALSE,TRUE,21.3,122.71,155.7
2022-06-01,6,2,2022,2021-22,4,FALSE,TRUE,21.3,122.71,155.7
2022-06-01,6,2,2022,2021-22,4,FALSE,TRUE,21.3,122.71,155.7
2022-06-01,6,2,2022,2021-22,4,FALSE,TRUE,21.3,122.71,155.7
2022-06-01,6,2,2022,2021-22,4,FALSE,TRUE,21.3,122.71,155.7
2022-06-01,6,2,2022,2021-22,4,FALSE,TRUE,21.3,122.71,155.7
2022-06-01,6,2,2022,2021-22,4,FALSE,TRUE,21.3,122.71,155.7
2022-06-01,6,2,2022,2021-22,4,FALSE,TRUE,21.3,122.71,155.7
2022-06-01,6,2,2022,2021-22,4,FALSE,TRUE,21.3,122.71,155.7
2022-06-01,6,2,2022,2021-22,4,FALSE,TRUE,21.3,122.71,155.7
2022-06-01,6,2,2022,2021-22,4,FALSE,TRUE,21.3,122.71,155.7
2022-06-01,6,2,2022,2021-22,4,FALSE,TRUE,21.3,122.71,155.7
2022-06-01,6,2,2022,2021-22,4,FALSE,TRUE,21.3,122.71,155.7
2022-06-01,6,2,2022,2021-22,4,FALSE,TRUE,21.3,122.71,155.7
2022-06-01,6,2,2022,2021-22,4,FALSE,TRUE,21.3,122.71,155.7
2022-06-01,6,2,2022,2021-22,4,FALSE,TRUE,21.3,122.71,155.7
2022-06-01,6,2,2022,2021-22,4,FALSE,TRUE,21.3,122.71,155.7
2022-06-01,6,2,2022,2021-22,4,FALSE,TRUE,21.3,122.71,155.7
2022-06-01,6,2,2022,2021-22,4,FALSE,TRUE,21.3,122.71,155.7
2022-06-01,6,2,2022,2021-22,4,FALSE,TRUE,21.3,122.71,155.7
2022-06-01,6,2,2022,2021-22,4,FALSE,TRUE,21.3,122.71,155.7
2022-06-01,6,2,2022,2021-22,4,FALSE,TRUE,21.3,122.71,155.7
2022-06-01,6,2,2022,2021-22,4,FALSE,TRUE,21.3,122.71,155.7
2022-06-01,6,2,2022,2021-22,4,FALSE,TRUE,21.3,122.71,155.7
2022-06-01,6,2,2022,2021-22,4,FALSE,TRUE,21.3,122.71,155.7
2022-06-01,6,2,2022,2021-22,4,FALSE,TRUE,21.3,122.71,155.7
2022-06-01,6,2,2022,2021-22,4,FALSE,TRUE,21.3,122.71,155.7
2022-06-01,6,2,2022,2021-22,4,FALSE,TRUE,21.3,122.71,155.7
2022-06-01,6,2,2022,2021-22,4,FALSE,TRUE,21.3,122.71,155.7
2022-06-01,6,2,2022,2021-22,4,FALSE,TRUE,21.3,122.71,155.7
2022-06-01,6,2,2022,2021-22,4,FALSE,TRUE,21.3,122.71,155.7
2022-06-01,6,2,2022,2021-22,4,FALSE,TRUE,21.3,122.71,155.7
2022-06-01,6,2,2022,2021-22,4,FALSE,TRUE,21.3,122.71,155.7
2022-06-01,6,2,2022,2021-22,4,FALSE,TRUE,21.3,122.71,155.7
2022-06-01,6,2,2022,2021-22,4,FALSE,TRUE,21.3,122.71,155.7
2022-06-01,6,2,2022,2021-22,4,FALSE,TRUE,21.3,122.71,155.7
2022-06-01,6,2,2022,2021-22,4,FALSE,TRUE,21.3,122.71,155.7
2022-06-01,6,2,2022,2021-22,4,FALSE,TRUE,21.3,122.71,155.7
2022-06-01,6,2,2022,2021-22,4,FALSE,TRUE,21.3,122.71,155.7
2022-06-01,6,2,2022,2021-22,4,FALSE,TRUE,21.3,122.71,155.7
2022-06-01,6,2,2022,2021-22,4,FALSE,TRUE,21.3,122.71,155.7
2022-06-01,6,2,2022,2021-22,4,FALSE,TRUE,21.3,122.71,155.7
2022-06-01,6,2,2022,2021-22,4,FALSE,TRUE,21.3,122.71,155.7
2022-06-01,6,2,2022,2021-22,4,FALSE,TRUE,21.3,122.71,155.7
2022-06-01,6,2,2022,2021-22,4,FALSE,TRUE,21.3,122.71,155.7
2022-06-01,6,2,2022,2021-22,4,FALSE,TRUE,21.3,122.71,155.7
2022-06-01,6,2,2022,2021-22,4,FALSE,TRUE,21.3,122.71,155.7
2022-06-01,6,2,2022,2021-22,4,FALSE,TRUE,21.3,122.71,155.7
2022-06-01,6,2,2022,2021-22,4,FALSE,TRUE,21.3,122.71,155.7
2022-06-01,6,2,2022,2021-22,4,FALSE,TRUE,21.3,122.71,155.7
2022-06-01,6,2,2022,2021-22,4,FALSE,TRUE,21.3,122.71,155.7
2022-06-01,6,2,2022,2021-22,4,FALSE,TRUE,21.3,122.71,155.7
2022-06-01,6,2,2022,2021-22,4,FALSE,TRUE,21.3,122.71,155.7
2022-06-01,6,2,2022,2021-22,4,FALSE,TRUE,21.3,122.71,155.7
2022-06-01,6,2,2022,2021-22,4,FALSE,TRUE,21.3,122.71,155.7
2022-06-01,6,2,2022,2021-22,4,FALSE,TRUE,21.3,122.71,155.7
2022-06-01,6,2,2022,2021-22,4,FALSE,TRUE,21.3,122.71,155.7
2022-06-01,6,2,2022,2021-22,4,FALSE,TRUE,21.3,122.71,155.7
2022-07-01,7,3,2022,2022-23,1,FALSE,FALSE,24.9,111.93,141.6
2022-08-01,8,3,2022,2022-23,1,FALSE,FALSE,27.3,100.45,138.7
2022-08-01,8,3,2022,2022-23,1,FALSE,FALSE,27.3,100.45,138.7
2022-08-01,8,3,2022,2022-23,1,FALSE,FALSE,27.3,100.45,138.7
2022-08-01,8,3,2022,2022-23,1,FALSE,FALSE,27.3,100.45,138.7
2022-08-01,8,3,2022,2022-23,1,FALSE,FALSE,27.3,100.45,138.7
2022-08-01,8,3,2022,2022-23,1,FALSE,FALSE,27.3,100.45,138.7
2022-08-01,8,3,2022,2022-23,1,FALSE,FALSE,27.3,100.45,138.7
2022-08-01,8,3,2022,2022-23,1,FALSE,FALSE,27.3,100.45,138.7
2022-08-01,8,3,2022,2022-23,1,FALSE,FALSE,27.3,100.45,138.7
2022-08-01,8,3,2022,2022-23,1,FALSE,FALSE,27.3,100.45,138.7
2022-08-01,8,3,2022,2022-23,1,FALSE,FALSE,27.3,100.45,138.7
2022-08-01,8,3,2022,2022-23,1,FALSE,FALSE,27.3,100.45,138.7
2022-08-01,8,3,2022,2022-23,1,FALSE,FALSE,27.3,100.45,138.7
2022-08-01,8,3,2022,2022-23,1,FALSE,FALSE,27.3,100.45,138.7
2022-09-01,9,3,2022,2022-23,1,FALSE,FALSE,23.2,89.76,137.3
2022-09-01,9,3,2022,2022-23,1,FALSE,FALSE,23.2,89.76,137.3
2022-09-01,9,3,2022,2022-23,1,FALSE,FALSE,23.2,89.76,137.3
2022-09-01,9,3,2022,2022-23,1,FALSE,FALSE,23.2,89.76,137.3
2022-09-01,9,3,2022,2022-23,1,FALSE,FALSE,23.2,89.76,137.3
2022-09-01,9,3,2022,2022-23,1,FALSE,FALSE,23.2,89.76,137.3
2022-09-01,9,3,2022,2022-23,1,FALSE,FALSE,23.2,89.76,137.3
2022-09-01,9,3,2022,2022-23,1,FALSE,FALSE,23.2,89.76,137.3
2022-09-01,9,3,2022,2022-23,1,FALSE,FALSE,23.2,89.76,137.3
2022-09-01,9,3,2022,2022-23,1,FALSE,FALSE,23.2,89.76,137.3
2022-09-01,9,3,2022,2022-23,1,FALSE,FALSE,23.2,89.76,137.3
2022-09-01,9,3,2022,2022-23,1,FALSE,FALSE,23.2,89.76,137.3
2022-09-01,9,3,2022,2022-23,1,FALSE,FALSE,23.2,89.76,137.3
2022-09-01,9,3,2022,2022-23,1,FALSE,FALSE,23.2,89.76,137.3
2022-10-01,10,4,2022,2022-23,2,FALSE,FALSE,26.6,93.33,136.7
2022-11-01,11,4,2022,2022-23,2,FALSE,FALSE,23.8,91.42,136
2022-11-01,11,4,2022,2022-23,2,FALSE,FALSE,23.8,91.42,136
2022-11-01,11,4,2022,2022-23,2,FALSE,FALSE,23.8,91.42,136
2022-11-01,11,4,2022,2022-23,2,FALSE,FALSE,23.8,91.42,136
2022-11-01,11,4,2022,2022-23,2,FALSE,FALSE,23.8,91.42,136
2022-11-01,11,4,2022,2022-23,2,FALSE,FALSE,23.8,91.42,136
2022-11-01,11,4,2022,2022-23,2,FALSE,FALSE,23.8,91.42,136
2022-11-01,11,4,2022,2022-23,2,FALSE,FALSE,23.8,91.42,136
2022-11-01,11,4,2022,2022-23,2,FALSE,FALSE,23.8,91.42,136
2022-11-01,11,4,2022,2022-23,2,FALSE,FALSE,23.8,91.42,136
2022-11-01,11,4,2022,2022-23,2,FALSE,FALSE,23.8,91.42,136
2022-11-01,11,4,2022,2022-23,2,FALSE,FALSE,23.8,91.42,136
2022-11-01,11,4,2022,2022-23,2,FALSE,FALSE,23.8,91.42,136
2022-11-01,11,4,2022,2022-23,2,FALSE,FALSE,23.8,91.42,136
2022-12-01,12,4,2022,2022-23,2,FALSE,FALSE,24.5,80.92,133.1
2022-12-01,12,4,2022,2022-23,2,FALSE,FALSE,24.5,80.92,133.1
2022-12-01,12,4,2022,2022-23,2,FALSE,FALSE,24.5,80.92,133.1
2022-12-01,12,4,2022,2022-23,2,FALSE,FALSE,24.5,80.92,133.1
2022-12-01,12,4,2022,2022-23,2,FALSE,FALSE,24.5,80.92,133.1
2022-12-01,12,4,2022,2022-23,2,FALSE,FALSE,24.5,80.92,133.1
2022-12-01,12,4,2022,2022-23,2,FALSE,FALSE,24.5,80.92,133.1
2022-12-01,12,4,2022,2022-23,2,FALSE,FALSE,24.5,80.92,133.1
2022-12-01,12,4,2022,2022-23,2,FALSE,FALSE,24.5,80.92,133.1
2022-12-01,12,4,2022,2022-23,2,FALSE,FALSE,24.5,80.92,133.1
2022-12-01,12,4,2022,2022-23,2,FALSE,FALSE,24.5,80.92,133.1
2022-12-01,12,4,2022,2022-23,2,FALSE,FALSE,24.5,80.92,133.1
2022-12-01,12,4,2022,2022-23,2,FALSE,FALSE,24.5,80.92,133.1
2022-12-01,12,4,2022,2022-23,2,FALSE,FALSE,24.5,80.92,133.1
2023-01-01,1,1,2023,2022-23,3,FALSE,FALSE,27.6,82.5,131.4
2023-02-01,2,1,2023,2022-23,3,FALSE,FALSE,31.5,82.59,130.7
2023-02-01,2,1,2023,2022-23,3,FALSE,FALSE,31.5,82.59,130.7
2023-02-01,2,1,2023,2022-23,3,FALSE,FALSE,31.5,82.59,130.7
2023-02-01,2,1,2023,2022-23,3,FALSE,FALSE,31.5,82.59,130.7
2023-02-01,2,1,2023,2022-23,3,FALSE,FALSE,31.5,82.59,130.7
2023-02-01,2,1,2023,2022-23,3,FALSE,FALSE,31.5,82.59,130.7
2023-02-01,2,1,2023,2022-23,3,FALSE,FALSE,31.5,82.59,130.7
2023-02-01,2,1,2023,2022-23,3,FALSE,FALSE,31.5,82.59,130.7
2023-02-01,2,1,2023,2022-23,3,FALSE,FALSE,31.5,82.59,130.7
2023-02-01,2,1,2023,2022-23,3,FALSE,FALSE,31.5,82.59,130.7
2023-02-01,2,1,2023,2022-23,3,FALSE,FALSE,31.5,82.59,130.7
2023-02-01,2,1,2023,2022-23,3,FALSE,FALSE,31.5,82.59,130.7
2023-02-01,2,1,2023,2022-23,3,FALSE,FALSE,31.5,82.59,130.7
2023-02-01,2,1,2023,2022-23,3,FALSE,FALSE,31.5,82.59,130.7
2023-03-01,3,1,2023,2022-23,3,FALSE,FALSE,35.4,78.43,128
2023-03-01,3,1,2023,2022-23,3,FALSE,FALSE,35.4,78.43,128
2023-03-01,3,1,2023,2022-23,3,FALSE,FALSE,35.4,78.43,128
2023-03-01,3,1,2023,2022-23,3,FALSE,FALSE,35.4,78.43,128
2023-03-01,3,1,2023,2022-23,3,FALSE,FALSE,35.4,78.43,128
2023-03-01,3,1,2023,2022-23,3,FALSE,FALSE,35.4,78.43,128
2023-03-01,3,1,2023,2022-23,3,FALSE,FALSE,35.4,78.43,128
2023-03-01,3,1,2023,2022-23,3,FALSE,FALSE,35.4,78.43,128
2023-03-01,3,1,2023,2022-23,3,FALSE,FALSE,35.4,78.43,128
2023-03-01,3,1,2023,2022-23,3,FALSE,FALSE,35.4,78.43,128
2023-03-01,3,1,2023,2022-23,3,FALSE,FALSE,35.4,78.43,128
2023-03-01,3,1,2023,2022-23,3,FALSE,FALSE,35.4,78.43,128
2023-03-01,3,1,2023,2022-23,3,FALSE,FALSE,35.4,78.43,128
2023-03-01,3,1,2023,2022-23,3,FALSE,FALSE,35.4,78.43,128
2023-04-01,4,2,2023,2022-23,4,TRUE,FALSE,36.4,84.64,128.4
2023-05-01,5,2,2023,2022-23,4,FALSE,TRUE,38,75.47,124.5
2023-06-01,6,2,2023,2022-23,4,FALSE,FALSE,29.4,74.84,123
2023-06-01,6,2,2023,2022-23,4,FALSE,FALSE,29.4,74.84,123
2023-06-01,6,2,2023,2022-23,4,FALSE,FALSE,29.4,74.84,123
2023-06-01,6,2,2023,2022-23,4,FALSE,FALSE,29.4,74.84,123
2023-06-01,6,2,2023,2022-23,4,FALSE,FALSE,29.4,74.84,123
2023-06-01,6,2,2023,2022-23,4,FALSE,FALSE,29.4,74.84,123
2023-06-01,6,2,2023,2022-23,4,FALSE,FALSE,29.4,74.84,123
2023-06-01,6,2,2023,2022-23,4,FALSE,FALSE,29.4,74.84,123
2023-06-01,6,2,2023,2022-23,4,FALSE,FALSE,29.4,74.84,123
2023-06-01,6,2,2023,2022-23,4,FALSE,FALSE,29.4,74.84,123
2023-06-01,6,2,2023,2022-23,4,FALSE,FALSE,29.4,74.84,123
2023-06-01,6,2,2023,2022-23,4,FALSE,FALSE,29.4,74.84,123
2023-06-01,6,2,2023,2022-23,4,FALSE,FALSE,29.4,74.84,123
2023-06-01,6,2,2023,2022-23,4,FALSE,FALSE,29.4,74.84,123
2023-07-01,7,3,2023,2023-24,1,FALSE,FALSE,28.3,80.11,124.4
2023-08-01,8,3,2023,2023-24,1,FALSE,FALSE,27.4,86.15,121.8
2023-08-01,8,3,2023,2023-24,1,FALSE,FALSE,27.4,86.15,121.8
2023-08-01,8,3,2023,2023-24,1,FALSE,FALSE,27.4,86.15,121.8
2023-08-01,8,3,2023,2023-24,1,FALSE,FALSE,27.4,86.15,121.8
2023-08-01,8,3,2023,2023-24,1,FALSE,FALSE,27.4,86.15,121.8
2023-08-01,8,3,2023,2023-24,1,FALSE,FALSE,27.4,86.15,121.8
2023-08-01,8,3,2023,2023-24,1,FALSE,FALSE,27.4,86.15,121.8
2023-08-01,8,3,2023,2023-24,1,FALSE,FALSE,27.4,86.15,121.8
2023-08-01,8,3,2023,2023-24,1,FALSE,FALSE,27.4,86.15,121.8
2023-08-01,8,3,2023,2023-24,1,FALSE,FALSE,27.4,86.15,121.8
2023-08-01,8,3,2023,2023-24,1,FALSE,FALSE,27.4,86.15,121.8
2023-08-01,8,3,2023,2023-24,1,FALSE,FALSE,27.4,86.15,121.8
2023-08-01,8,3,2023,2023-24,1,FALSE,FALSE,27.4,86.15,121.8
2023-08-01,8,3,2023,2023-24,1,FALSE,FALSE,27.4,86.15,121.8
2023-09-01,9,3,2023,2023-24,1,FALSE,FALSE,31.4,93.72,121.7
2023-09-01,9,3,2023,2023-24,1,FALSE,FALSE,31.4,93.72,121.7
2023-09-01,9,3,2023,2023-24,1,FALSE,FALSE,31.4,93.72,121.7
2023-09-01,9,3,2023,2023-24,1,FALSE,FALSE,31.4,93.72,121.7
2023-09-01,9,3,2023,2023-24,1,FALSE,FALSE,31.4,93.72,121.7
2023-09-01,9,3,2023,2023-24,1,FALSE,FALSE,31.4,93.72,121.7
2023-09-01,9,3,2023,2023-24,1,FALSE,FALSE,31.4,93.72,121.7
2023-09-01,9,3,2023,2023-24,1,FALSE,FALSE,31.4,93.72,121.7
2023-09-01,9,3,2023,2023-24,1,FALSE,FALSE,31.4,93.72,121.7
2023-09-01,9,3,2023,2023-24,1,FALSE,FALSE,31.4,93.72,121.7
2023-09-01,9,3,2023,2023-24,1,FALSE,FALSE,31.4,93.72,121.7
2023-09-01,9,3,2023,2023-24,1,FALSE,FALSE,31.4,93.72,121.7
2023-09-01,9,3,2023,2023-24,1,FALSE,FALSE,31.4,93.72,121.7
2023-09-01,9,3,2023,2023-24,1,FALSE,FALSE,31.4,93.72,121.7
2023-10-01,10,4,2023,2023-24,2,FALSE,FALSE,26.8,90.6,120.7
2023-11-01,11,4,2023,2023-24,2,FALSE,FALSE,29.2,82.94,120.6
2023-11-01,11,4,2023,2023-24,2,FALSE,FALSE,29.2,82.94,120.6
2023-11-01,11,4,2023,2023-24,2,FALSE,FALSE,29.2,82.94,120.6
2023-11-01,11,4,2023,2023-24,2,FALSE,FALSE,29.2,82.94,120.6
2023-11-01,11,4,2023,2023-24,2,FALSE,FALSE,29.2,82.94,120.6
2023-11-01,11,4,2023,2023-24,2,FALSE,FALSE,29.2,82.94,120.6
2023-11-01,11,4,2023,2023-24,2,FALSE,FALSE,29.2,82.94,120.6
2023-11-01,11,4,2023,2023-24,2,FALSE,FALSE,29.2,82.94,120.6
2023-11-01,11,4,2023,2023-24,2,FALSE,FALSE,29.2,82.94,120.6
2023-11-01,11,4,2023,2023-24,2,FALSE,FALSE,29.2,82.94,120.6
2023-11-01,11,4,2023,2023-24,2,FALSE,FALSE,29.2,82.94,120.6
2023-11-01,11,4,2023,2023-24,2,FALSE,FALSE,29.2,82.94,120.6
2023-11-01,11,4,2023,2023-24,2,FALSE,FALSE,29.2,82.94,120.6
2023-11-01,11,4,2023,2023-24,2,FALSE,FALSE,29.2,82.94,120.6
2023-11-01,11,4,2023,2023-24,2,FALSE,FALSE,29.2,82.94,120.6
2023-11-01,11,4,2023,2023-24,2,FALSE,FALSE,29.2,82.94,120.6
2023-11-01,11,4,2023,2023-24,2,FALSE,FALSE,29.2,82.94,120.6
2023-11-01,11,4,2023,2023-24,2,FALSE,FALSE,29.2,82.94,120.6
2023-11-01,11,4,2023,2023-24,2,FALSE,FALSE,29.2,82.94,120.6
2023-11-01,11,4,2023,2023-24,2,FALSE,FALSE,29.2,82.94,120.6
2023-11-01,11,4,2023,2023-24,2,FALSE,FALSE,29.2,82.94,120.6
2023-11-01,11,4,2023,2023-24,2,FALSE,FALSE,29.2,82.94,120.6
2023-11-01,11,4,2023,2023-24,2,FALSE,FALSE,29.2,82.94,120.6
2023-11-01,11,4,2023,2023-24,2,FALSE,FALSE,29.2,82.94,120.6
2023-11-01,11,4,2023,2023-24,2,FALSE,FALSE,29.2,82.94,120.6
2023-11-01,11,4,2023,2023-24,2,FALSE,FALSE,29.2,82.94,120.6
2023-11-01,11,4,2023,2023-24,2,FALSE,FALSE,29.2,82.94,120.6
2023-11-01,11,4,2023,2023-24,2,FALSE,FALSE,29.2,82.94,120.6
2023-11-01,11,4,2023,2023-24,2,FALSE,FALSE,29.2,82.94,120.6
2023-11-01,11,4,2023,2023-24,2,FALSE,FALSE,29.2,82.94,120.6
2023-11-01,11,4,2023,2023-24,2,FALSE,FALSE,29.2,82.94,120.6
2023-11-01,11,4,2023,2023-24,2,FALSE,FALSE,29.2,82.94,120.6
2023-11-01,11,4,2023,2023-24,2,FALSE,FALSE,29.2,82.94,120.6
2023-11-01,11,4,2023,2023-24,2,FALSE,FALSE,29.2,82.94,120.6
2023-11-01,11,4,2023,2023-24,2,FALSE,FALSE,29.2,82.94,120.6
2023-11-01,11,4,2023,2023-24,2,FALSE,FALSE,29.2,82.94,120.6
2023-11-01,11,4,2023,2023-24,2,FALSE,FALSE,29.2,82.94,120.6
2023-11-01,11,4,2023,2023-24,2,FALSE,FALSE,29.2,82.94,120.6
2023-11-01,11,4,2023,2023-24,2,FALSE,FALSE,29.2,82.94,120.6
2023-11-01,11,4,2023,2023-24,2,FALSE,FALSE,29.2,82.94,120.6
2023-11-01,11,4,2023,2023-24,2,FALSE,FALSE,29.2,82.94,120.6
2023-11-01,11,4,2023,2023-24,2,FALSE,FALSE,29.2,82.94,120.6
2023-11-01,11,4,2023,2023-24,2,FALSE,FALSE,29.2,82.94,120.6
2023-11-01,11,4,2023,2023-24,2,FALSE,FALSE,29.2,82.94,120.6
2023-11-01,11,4,2023,2023-24,2,FALSE,FALSE,29.2,82.94,120.6
2023-11-01,11,4,2023,2023-24,2,FALSE,FALSE,29.2,82.94,120.6
2023-11-01,11,4,2023,2023-24,2,FALSE,FALSE,29.2,82.94,120.6
2023-11-01,11,4,2023,2023-24,2,FALSE,FALSE,29.2,82.94,120.6
2023-11-01,11,4,2023,2023-24,2,FALSE,FALSE,29.2,82.94,120.6
2023-11-01,11,4,2023,2023-24,2,FALSE,FALSE,29.2,82.94,120.6
2023-11-01,11,4,2023,2023-24,2,FALSE,FALSE,29.2,82.94,120.6
2023-11-01,11,4,2023,2023-24,2,FALSE,FALSE,29.2,82.94,120.6
2023-11-01,11,4,2023,2023-24,2,FALSE,FALSE,29.2,82.94,120.6
2023-11-01,11,4,2023,2023-24,2,FALSE,FALSE,29.2,82.94,120.6
2023-11-01,11,4,2023,2023-24,2,FALSE,FALSE,29.2,82.94,120.6
2023-11-01,11,4,2023,2023-24,2,FALSE,FALSE,29.2,82.94,120.6
2023-11-01,11,4,2023,2023-24,2,FALSE,FALSE,29.2,82.94,120.6
2023-11-01,11,4,2023,2023-24,2,FALSE,FALSE,29.2,82.94,120.6
2023-11-01,11,4,2023,2023-24,2,FALSE,FALSE,29.2,82.94,120.6
2023-11-01,11,4,2023,2023-24,2,FALSE,FALSE,29.2,82.94,120.6
2023-11-01,11,4,2023,2023-24,2,FALSE,FALSE,29.2,82.94,120.6
2023-11-01,11,4,2023,2023-24,2,FALSE,FALSE,29.2,82.94,120.6
2023-11-01,11,4,2023,2023-24,2,FALSE,FALSE,29.2,82.94,120.6
2023-11-01,11,4,2023,2023-24,2,FALSE,FALSE,29.2,82.94,120.6
2023-11-01,11,4,2023,2023-24,2,FALSE,FALSE,29.2,82.94,120.6
2023-11-01,11,4,2023,2023-24,2,FALSE,FALSE,29.2,82.94,120.6
2023-11-01,11,4,2023,2023-24,2,FALSE,FALSE,29.2,82.94,120.6
2023-11-01,11,4,2023,2023-24,2,FALSE,FALSE,29.2,82.94,120.6
2023-11-01,11,4,2023,2023-24,2,FALSE,FALSE,29.2,82.94,120.6
2023-11-01,11,4,2023,2023-24,2,FALSE,FALSE,29.2,82.94,120.6
2023-11-01,11,4,2023,2023-24,2,FALSE,FALSE,29.2,82.94,120.6
2023-11-01,11,4,2023,2023-24,2,FALSE,FALSE,29.2,82.94,120.6
2023-11-01,11,4,2023,2023-24,2,FALSE,FALSE,29.2,82.94,120.6
2023-11-01,11,4,2023,2023-24,2,FALSE,FALSE,29.2,82.94,120.6
2023-11-01,11,4,2023,2023-24,2,FALSE,FALSE,29.2,82.94,120.6
2023-11-01,11,4,2023,2023-24,2,FALSE,FALSE,29.2,82.94,120.6
2023-11-01,11,4,2023,2023-24,2,FALSE,FALSE,29.2,82.94,120.6
2023-11-01,11,4,2023,2023-24,2,FALSE,FALSE,29.2,82.94,120.6
2023-11-01,11,4,2023,2023-24,2,FALSE,FALSE,29.2,82.94,120.6
2023-11-01,11,4,2023,2023-24,2,FALSE,FALSE,29.2,82.94,120.6
2023-11-01,11,4,2023,2023-24,2,FALSE,FALSE,29.2,82.94,120.6
2023-11-01,11,4,2023,2023-24,2,FALSE,FALSE,29.2,82.94,120.6
2023-11-01,11,4,2023,2023-24,2,FALSE,FALSE,29.2,82.94,120.6
2023-11-01,11,4,2023,2023-24,2,FALSE,FALSE,29.2,82.94,120.6
2023-12-01,12,4,2023,2023-24,2,FALSE,FALSE,29.7,77.63,119.1
2023-12-01,12,4,2023,2023-24,2,FALSE,FALSE,29.7,77.63,119.1
2023-12-01,12,4,2023,2023-24,2,FALSE,FALSE,29.7,77.63,119.1
2023-12-01,12,4,2023,2023-24,2,FALSE,FALSE,29.7,77.63,119.1
2023-12-01,12,4,2023,2023-24,2,FALSE,FALSE,29.7,77.63,119.1
2023-12-01,12,4,2023,2023-24,2,FALSE,FALSE,29.7,77.63,119.1
2023-12-01,12,4,2023,2023-24,2,FALSE,FALSE,29.7,77.63,119.1
2023-12-01,12,4,2023,2023-24,2,FALSE,FALSE,29.7,77.63,119.1
2023-12-01,12,4,2023,2023-24,2,FALSE,FALSE,29.7,77.63,119.1
2023-12-01,12,4,2023,2023-24,2,FALSE,FALSE,29.7,77.63,119.1
2023-12-01,12,4,2023,2023-24,2,FALSE,FALSE,29.7,77.63,119.1
2023-12-01,12,4,2023,2023-24,2,FALSE,FALSE,29.7,77.63,119.1
2023-12-01,12,4,2023,2023-24,2,FALSE,FALSE,29.7,77.63,119.1
2023-12-01,12,4,2023,2023-24,2,FALSE,FALSE,29.7,77.63,119.1
2024-01-01,1,1,2024,2023-24,3,FALSE,FALSE,28.3,80.12,117.6
2024-02-01,2,1,2024,2023-24,3,FALSE,FALSE,23.1,83.48,117.4
2024-02-01,2,1,2024,2023-24,3,FALSE,FALSE,23.1,83.48,117.4
2024-02-01,2,1,2024,2023-24,3,FALSE,FALSE,23.1,83.48,117.4
2024-02-01,2,1,2024,2023-24,3,FALSE,FALSE,23.1,83.48,117.4
2024-02-01,2,1,2024,2023-24,3,FALSE,FALSE,23.1,83.48,117.4
2024-02-01,2,1,2024,2023-24,3,FALSE,FALSE,23.1,83.48,117.4
2024-02-01,2,1,2024,2023-24,3,FALSE,FALSE,23.1,83.48,117.4
2024-02-01,2,1,2024,2023-24,3,FALSE,FALSE,23.1,83.48,117.4
2024-02-01,2,1,2024,2023-24,3,FALSE,FALSE,23.1,83.48,117.4
2024-02-01,2,1,2024,2023-24,3,FALSE,FALSE,23.1,83.48,117.4
2024-02-01,2,1,2024,2023-24,3,FALSE,FALSE,23.1,83.48,117.4
2024-02-01,2,1,2024,2023-24,3,FALSE,FALSE,23.1,83.48,117.4
2024-02-01,2,1,2024,2023-24,3,FALSE,FALSE,23.1,83.48,117.4
2024-02-01,2,1,2024,2023-24,3,FALSE,FALSE,23.1,83.48,117.4
2024-03-01,3,1,2024,2023-24,3,FALSE,FALSE,20.7,85.41,118.9
2024-03-01,3,1,2024,2023-24,3,FALSE,FALSE,20.7,85.41,118.9
2024-03-01,3,1,2024,2023-24,3,FALSE,FALSE,20.7,85.41,118.9
2024-03-01,3,1,2024,2023-24,3,FALSE,FALSE,20.7,85.41,118.9
2024-03-01,3,1,2024,2023-24,3,FALSE,FALSE,20.7,85.41,118.9
2024-03-01,3,1,2024,2023-24,3,FALSE,FALSE,20.7,85.41,118.9
2024-03-01,3,1,2024,2023-24,3,FALSE,FALSE,20.7,85.41,118.9
2024-03-01,3,1,2024,2023-24,3,FALSE,FALSE,20.7,85.41,118.9
2024-03-01,3,1,2024,2023-24,3,FALSE,FALSE,20.7,85.41,118.9
2024-03-01,3,1,2024,2023-24,3,FALSE,FALSE,20.7,85.41,118.9
2024-03-01,3,1,2024,2023-24,3,FALSE,FALSE,20.7,85.41,118.9
2024-03-01,3,1,2024,2023-24,3,FALSE,FALSE,20.7,85.41,118.9
2024-03-01,3,1,2024,2023-24,3,FALSE,FALSE,20.7,85.41,118.9
2024-03-01,3,1,2024,2023-24,3,FALSE,FALSE,20.7,85.41,118.9
2024-04-01,4,2,2024,2023-24,4,TRUE,FALSE,17.3,89.94,119.2
2024-04-01,4,2,2024,2023-24,4,TRUE,FALSE,17.3,89.94,119.2
2024-04-01,4,2,2024,2023-24,4,TRUE,FALSE,17.3,89.94,119.2
2024-04-01,4,2,2024,2023-24,4,TRUE,FALSE,17.3,89.94,119.2
2024-04-01,4,2,2024,2023-24,4,TRUE,FALSE,17.3,89.94,119.2
2024-04-01,4,2,2024,2023-24,4,TRUE,FALSE,17.3,89.94,119.2
2024-04-01,4,2,2024,2023-24,4,TRUE,FALSE,17.3,89.94,119.2
2024-04-01,4,2,2024,2023-24,4,TRUE,FALSE,17.3,89.94,119.2
2024-04-01,4,2,2024,2023-24,4,TRUE,FALSE,17.3,89.94,119.2
2024-04-01,4,2,2024,2023-24,4,TRUE,FALSE,17.3,89.94,119.2
2024-04-01,4,2,2024,2023-24,4,TRUE,FALSE,17.3,89.94,119.2
2024-04-01,4,2,2024,2023-24,4,TRUE,FALSE,17.3,89.94,119.2
2024-04-01,4,2,2024,2023-24,4,TRUE,FALSE,17.3,89.94,119.2
2024-04-01,4,2,2024,2023-24,4,TRUE,FALSE,17.3,89.94,119.2
2024-05-01,5,2,2024,2023-24,4,FALSE,TRUE,11.8,81.75,120.5
2024-06-01,6,2,2024,2023-24,4,FALSE,FALSE,12.6,82.25,121
2024-07-01,7,3,2024,2024-25,1,FALSE,FALSE,11.1,85.15,120.9
2024-08-01,8,3,2024,2024-25,1,FALSE,FALSE,9.6,80.36,121.7
2024-08-01,8,3,2024,2024-25,1,FALSE,FALSE,9.6,80.36,121.7
2024-08-01,8,3,2024,2024-25,1,FALSE,FALSE,9.6,80.36,121.7
2024-08-01,8,3,2024,2024-25,1,FALSE,FALSE,9.6,80.36,121.7
2024-08-01,8,3,2024,2024-25,1,FALSE,FALSE,9.6,80.36,121.7
2024-08-01,8,3,2024,2024-25,1,FALSE,FALSE,9.6,80.36,121.7
2024-08-01,8,3,2024,2024-25,1,FALSE,FALSE,9.6,80.36,121.7
2024-08-01,8,3,2024,2024-25,1,FALSE,FALSE,9.6,80.36,121.7
2024-08-01,8,3,2024,2024-25,1,FALSE,FALSE,9.6,80.36,121.7
2024-08-01,8,3,2024,2024-25,1,FALSE,FALSE,9.6,80.36,121.7
2024-08-01,8,3,2024,2024-25,1,FALSE,FALSE,9.6,80.36,121.7
2024-08-01,8,3,2024,2024-25,1,FALSE,FALSE,9.6,80.36,121.7
2024-08-01,8,3,2024,2024-25,1,FALSE,FALSE,9.6,80.36,121.7
2024-08-01,8,3,2024,2024-25,1,FALSE,FALSE,9.6,80.36,121.7
2024-09-01,9,3,2024,2024-25,1,FALSE,FALSE,6.9,74.02,124.6
2024-10-01,10,4,2024,2024-25,2,FALSE,FALSE,7.2,75.63,126.9
2024-10-01,10,4,2024,2024-25,2,FALSE,FALSE,7.2,75.63,126.9
2024-10-01,10,4,2024,2024-25,2,FALSE,FALSE,7.2,75.63,126.9
2024-10-01,10,4,2024,2024-25,2,FALSE,FALSE,7.2,75.63,126.9
2024-10-01,10,4,2024,2024-25,2,FALSE,FALSE,7.2,75.63,126.9
2024-10-01,10,4,2024,2024-25,2,FALSE,FALSE,7.2,75.63,126.9
2024-10-01,10,4,2024,2024-25,2,FALSE,FALSE,7.2,75.63,126.9
2024-10-01,10,4,2024,2024-25,2,FALSE,FALSE,7.2,75.63,126.9
2024-10-01,10,4,2024,2024-25,2,FALSE,FALSE,7.2,75.63,126.9
2024-10-01,10,4,2024,2024-25,2,FALSE,FALSE,7.2,75.63,126.9
2024-10-01,10,4,2024,2024-25,2,FALSE,FALSE,7.2,75.63,126.9
2024-10-01,10,4,2024,2024-25,2,FALSE,FALSE,7.2,75.63,126.9
2024-10-01,10,4,2024,2024-25,2,FALSE,FALSE,7.2,75.63,126.9
2024-10-01,10,4,2024,2024-25,2,FALSE,FALSE,7.2,75.63,126.9
2024-11-01,11,4,2024,2024-25,2,FALSE,FALSE,4.9,74.35,127.7
2024-11-01,11,4,2024,2024-25,2,FALSE,FALSE,4.9,74.35,127.7
2024-11-01,11,4,2024,2024-25,2,FALSE,FALSE,4.9,74.35,127.7
2024-11-01,11,4,2024,2024-25,2,FALSE,FALSE,4.9,74.35,127.7
2024-11-01,11,4,2024,2024-25,2,FALSE,FALSE,4.9,74.35,127.7
2024-11-01,11,4,2024,2024-25,2,FALSE,FALSE,4.9,74.35,127.7
2024-11-01,11,4,2024,2024-25,2,FALSE,FALSE,4.9,74.35,127.7
2024-11-01,11,4,2024,2024-25,2,FALSE,FALSE,4.9,74.35,127.7
2024-11-01,11,4,2024,2024-25,2,FALSE,FALSE,4.9,74.35,127.7
2024-11-01,11,4,2024,2024-25,2,FALSE,FALSE,4.9,74.35,127.7
2024-11-01,11,4,2024,2024-25,2,FALSE,FALSE,4.9,74.35,127.7
2024-11-01,11,4,2024,2024-25,2,FALSE,FALSE,4.9,74.35,127.7
2024-11-01,11,4,2024,2024-25,2,FALSE,FALSE,4.9,74.35,127.7
2024-11-01,11,4,2024,2024-25,2,FALSE,FALSE,4.9,74.35,127.7
2024-12-01,12,4,2024,2024-25,2,FALSE,FALSE,4.1,73.86,127.4
2025-01-01,1,1,2025,2024-25,3,FALSE,FALSE,2.4,79.27,124.7
2025-02-01,2,1,2025,2024-25,3,FALSE,FALSE,1.5,75.44,126.6
2025-03-01,3,1,2025,2024-25,3,TRUE,FALSE,0.7,72.73,127.1
2025-04-01,4,2,2025,2024-25,4,FALSE,TRUE,0.3,68.13,128.3
