Sectors,Sub-Sectors-Level1,Sub-Sectors-Level2,1970-71,1971-72,1972-73,1973-74,1974-75,1975-76,1976-77,1977-78,1978-79,1979-80,1980-81,1981-82,1982-83,1983-84,1984-85,1985-86,1986-87,1987-88,1988-89,1989-90,1990-91,1991-92,1992-93,1993-94,1994-95,1995-96,1996-97,1997-98,1998-99,1999-00,2000-01,2001-02,2002-03,2003-04,2004-05,2005-06,2006-07,2007-08,2008-09,2009-10,2010-11,2011-12,2012-13,2013-14,2014-15,2015-16,2016-17,2017-18,2018-19,2019-20,2020-21,2021-22,2022-23,2023-24
Agricultural Production Index,,,,,,,,,,,,,,,,,,,,,,,,,,,,,,,,,,,,,,,,,,,,,,,,,,,,,,,,
,Food crop Wheat Index,,,,,,,,,,,,,,,,,,,,,,,,,,,,,,,,,,,,,100,110,99,113,110,119,110,114,122,118,100,104,98,95,99,107,102,110,123
,Food crop Maize Index,,,,,,,,,,,,,,,,,,,,,,,,,,,,,,,,,,,,,100,99,116,116,105,119,140,136,159,159,100,116,112,130,149,170,181,208,187
,Food crop Rice Index,,,,,,,,,,,,,,,,,,,,,,,,,,,,,,,,,,,,,100,98,100,125,124,87,111,100,123,126,100,101,110,106,109,124,137,108,145
,Cash crop Sugarcane Index,,,,,,,,,,,,,,,,,,,,,,,,,,,,,,,,,,,,,100,123,143,112,111,124,131,143,151,141,100,115,127,103,101,124,135,134,134
,Fiber crop Cotton Index,,,,,,,,,,,,,,,,,,,,,,,,,,,,,,,,,,,,,100,99,90,91,99,88,104,100,98,107,100,108,121,99,92,71,84,50,103
Production of Tractors (Nos),,,3879,4224,1847,5216,7190,10809,15554,11902,15178,19313,16137,16476,21089,31622,31246,24815,22241,20819,24639,19939,13841,9817,17127,14144,16903,10417,14144,26885,35038,32553,24311,27101,36059,44095,44095,49642,54431,53598,60561,71607,71550,48120,48871,34521,45860,33883,53499,52551,37457,32451,36900,58880,31651,36304
Production of Meat (000 Tonnes),,,,568,592,623,641,684,715,749,783,819,856,894,947,1010,1079,1199,1271,1357,1447,1507,1581,1685,1872,2114,1841,1946,1841,1906,1957,2015,2072,2132,2188,2271,2271,2515,2618,2728,2843,2965,3094,3232,3379,3531,3696,3873,4061,4262,4478,4708,4954,5220,5503,5809
Milk (000 Tonnes),,,,7800,7899,8044,8173,8348,8524,8704,8888,9075,9267,9462,9662,10242,10856,12052,12669,13319,14003,14723,15481,16280,17120,18986,22970,23580,24215,24877,25566,26284,27031,27811,28624,29472,29438,31970,32986,34064,35160,36299,37475,38617,39855,41133,42454,43818,45227,46682,48185,49737,51340,52996,54707,56474
Fish Production (000 Tonnes),,,172.8,155.3,191.2,214.2,169.1,174.1,210.7,267.9,293,300.4,249.3,317.8,337.3,343,378.6,408.4,415.7,427.7,445.4,446.2,483,518.7,553.1,558.1,541.9,555.5,590,597,654,629,654.5,562,566.2,573.6,580.6,604.9,640,885,914.1,925.8,699.9,724.8,728.8,735,765,788,797,807,799,804,810,812,831,720.9
Total Forest Production (000 cu.mtr.),,,762,878,730,493,505,493,787,589,805,662,628,693,686,606,784,698,950,812,681,677,1072,491,691,684,720,557,490,383,670,736,726,823,819,519,282,265,373,363,347,356,352,354,354,,,,,,,,,,,
Cropped Area (million hectares),,,16.62,16.6,16.93,18.28,17.37,18.02,18.21,19.11,19.3,19.22,19.33,19.78,20.06,19.99,19.92,20.28,20.9,19.52,21.82,21.46,21.82,21.72,22.44,22.14,22.59,22.73,23.04,23.06,22.74,22.04,22.12,21.85,22.94,22.51,22.78,23.13,23.56,23.85,24.12,23.87,22.72,22.5,22.56,23.16,23.26,24.04,23.01,23.45,23.45,24.1,23.8,24,24,
Improved Seed Distribution (000 Tonnes),,,,22.54,18.1,27.77,26.31,43.16,93.55,48.42,48.93,60.89,73.41,79.48,70.3,75.6,86.39,62.29,75.22,79.89,68.93,60.65,83.27,65.93,63.93,76.87,145.1,137.67,130.5,167.38,194.3,233.05,177.65,190,189,218.14,218.12,226.07,218.6,264.67,314.63,312.63,331.02,346.38,327.08,359.18,481.3,431.79,554.95,604.58,554.13,550.77,616.76,778.22,655.89,642.5
Water Availability (MAF),,,69.95,71.1,81.17,80.06,88.02,85.95,84.57,89.44,87.39,91.14,97.79,96.45,101.4,103.69,102.81,104.73,109.72,112.22,114.66,117.14,119.62,122.05,124.7,129.65,130.85,132.05,,133.78,133.28,134.77,134.39,134.48,134.78,135.68,135.68,137.98,137.8,137.8,131.51,133.7,137.16,135.86,137.51,137.51,138.59,133,132.7,133.4,127.4,130,131.5,131.02,114.1,
Fertilizer Offtake (000 N/T),,,283.2,379.2,436.2,402.9,425.5,550.6,631.8,713.6,879.8,1044.3,1079.5,1080,1243.6,1202.66,1253.26,1511.79,1783.84,1720,1739.84,1890.1,1892.88,1883.92,2147.61,2183.06,2515,2413,2646.05,2583.28,2833.42,2693.96,2583.86,3019.76,3221.98,3694.04,3694,3804,3672,3581,3711,4360,3933,3861,3621,4089,4316,3699,5040,4763,4614,4549,5008,5001,4366,3957
Credit Disbursed (Rs million),,,158.38,128.8,306.75,913.3,1010.07,1457.79,1657.05,1923.07,2074.4,2859.18,4019.59,5102.76,6075.14,8359.93,10286.21,12685.65,15852.3,15920.02,14477.26,13890.04,14915.29,14479.31,16198.11,22373.27,19187.31,19547.67,33392.3,42847.3,39687.64,44789.82,52314.49,58915.27,73444.86,108733.1,108733,137474,168830,211561,233010,248120,263022,293850,336247,391353,515875,598287,704488,972606,1173990,1214684,1365870,1418906,1775956,1635218
Tubewells Public & Private (Number in 000),,,97636,,119285,130795,154290,160955,167234,172361,178483,188897,199658,207079,213226,230536,248878,257309,268453,288453,305231,325179,339840,355840,374099,463463,485050,505804,531259,553226,609775,659278,703093,762902,941752,954842,984.29,999.57,1025.84,1016.13,1069.99,1088,1103.4,997.7,1220.4,1317.3,1332.9,1357,1382.2,1391.3,1285.8,1285.8,1285.8,1285.8,1562.6,1552.9
Land Utilization,,,,,,,,,,,,,,,,,,,,,,,,,,,,,,,,,,,,,,,,,,,,,,,,,,,,,,,,
,Total Area (Million Hectares),,79.61,79.61,79.61,79.61,79.61,79.61,79.61,79.61,79.61,79.61,79.61,79.61,79.61,79.61,79.61,79.61,79.61,79.61,79.61,79.61,79.61,79.61,79.61,79.61,79.61,79.61,79.61,79.61,79.61,79.61,79.61,79.61,79.61,79.61,79.61,79.61,79.61,79.61,79.61,79.61,79.61,79.61,79.61,79.61,79.61,79.61,79.61,79.61,79.61,79.6,79.6,79.6,79.6,
,Reported Area (Million Hectares),,53.55,53.49,53.75,53.91,53.92,53.92,54.97,54.96,53.59,53.71,53.92,57.91,57.76,58.14,58.13,57.78,57.78,57.78,57.9,57.97,57.61,57.87,58.06,58.5,58.51,59.23,59.32,59.28,59.28,59.32,59.33,59.45,59.46,59.48,59.48,57.22,57.05,57.08,57.21,57.21,57.64,57.73,57.78,57.99,57.99,58.11,58,58.02,57.9,57.9,57.9,57.9,57.9,
,Forest Area (Million Hectares),,2.83,2.72,2.81,2.85,2.8,2.84,2.86,2.89,2.77,2.76,2.85,2.81,2.07,2.09,3.16,3.12,2.92,3.46,3.43,3.38,3.46,3.47,3.48,3.6,3.61,3.58,3.6,3.61,3.61,3.79,3.8,4.04,4.01,4.01,4.02,4.03,4.19,4.21,4.21,4.23,4.26,4.26,4.26,4.55,4.54,3.99,4.47,4.47,4.47,3.9,3.9,3.9,3.9,
,Not Available for Cultivation (Million Hectares),,20.4,20.43,20.73,20.53,20.32,20.63,21.47,20.92,19.77,18.84,19.9,21.96,22.79,22.94,23.26,24.52,23.61,24.4,24.06,24.84,24.34,24.48,24.35,24.44,24.35,24.61,24.61,24.52,24.45,24.34,24.31,24.25,24.23,24.32,24.39,22.87,22.7,23.41,23.47,23.49,23.37,23.25,23.06,25.56,25.54,25.56,25.54,25.6,23,23.1,23.4,23.2,23.2,
,Culturable Waste (Million Hectares),,11.11,11.25,11.09,11.15,11.25,10.63,10.88,11.05,11.07,11.88,10.86,12.72,10.73,11.78,11.1,9.47,10.33,9.26,9.39,8.81,8.85,8.86,8.83,8.91,8.87,9.06,9.15,9.23,9.09,9.03,8.95,8.95,9.1,9,8.94,8.21,8.3,8.19,8.15,8.09,7.98,8.19,8.21,8.27,8.3,8.27,8.37,8.29,8.29,8.2,8.1,8.2,8.2,
,Cultivated Area Current Fallow (Million Hectares),,4.77,4.75,5.05,4.19,4.78,4.77,4.69,4.88,4.57,4.62,4.89,4.89,4.62,4.67,5,4.9,4.86,5.94,4.93,5.12,4.85,4.87,4.95,5.42,5.19,5.48,5.48,5.35,5.67,6.5,6.6,6.61,6.23,6.61,6.86,6.72,5.72,4.93,5.04,5.2,6.38,7.05,7.04,6.68,6.66,7.1,9.51,9.4,9.4,10.1,6.8,6.8,6.8,
,Net Area Sown (Million Hectares),,14.44,14.34,15.07,15.19,14.77,15.06,15.07,15.22,15.41,15.61,15.41,15.53,15.69,15.66,15.61,15.77,16.06,14.72,16.09,15.82,16.11,16.19,16.45,16.13,16.49,16.5,16.48,16.58,16.29,15.66,15.67,15.8,15.89,15.54,15.27,15.39,16.16,16.34,16.34,16.2,15.65,14.98,15.22,15.4,15.46,15.62,15.59,15.74,15.74,15.74,15.6,15.7,15.7,
,Total Area Cultivated (Million Hectares),,19.21,19.09,19.12,19.38,19.55,19.82,19.76,20.1,19.98,20.23,20.3,20.42,20.31,20.33,20.61,20.67,20.92,20.66,21.02,20.94,20.96,21.06,21.4,21.55,21.68,21.98,21.96,21.93,21.96,21.16,22.27,22.21,22.12,22.15,22.13,22.11,21.87,21.17,21.38,21.4,22.03,22.03,22.26,22.06,23.24,22.74,22.11,22.15,22.15,22.8,22.5,22.5,22.5,
,Area Sown more than once (Million Hectares),,2.18,2.26,2.86,3.19,2.6,2.96,3.14,3.89,3.89,3.61,3.92,4.25,4.37,4.33,4.31,4.51,4.54,4.84,5.73,5.64,5.71,5.53,5.99,6.01,6.1,6.23,6.56,6.28,6.45,6.38,6.45,6.25,7.05,6.97,7.51,7.74,7.4,7.51,7.78,7.67,7.07,7.52,7.34,7.76,7.82,7.9,7.46,7.75,7.75,8.4,8.2,8.3,8.3,
,Total Cropped Area (Million Hectares),,16.62,16.6,16.93,18.28,17.37,18.02,18.21,19.11,19.3,19.22,19.33,19.78,20.06,19.99,19.92,20.28,20.9,19.52,21.82,21.46,21.82,21.72,22.44,22.14,22.59,22.73,23.04,23.06,22.74,22.04,22.12,21.85,22.94,22.51,22.78,23.13,23.56,23.85,24.12,23.87,22.72,22.5,22.56,23.16,23.26,24.04,23.01,23.45,23.45,24.1,23.9,24,24,
Area under important crops,,,,,,,,,,,,,,,,,,,,,,,,,,,,,,,,,,,,,,,,,,,,,,,,,,,,,,,,
,Wheat (000 Hectares),,5977,5797,5971,6113,5812,6111,6390,6360,6687,6924,6984,7223,7398,7343,7259,7403,7706,7308,7730,7845,7911,7878,8300,8170,8377,8109,8355,8230,8463,8181,8057,8034,8216,8358,8358,8448,8578,8550,9046,9132,8901,8650,8660,9199,9204,9224,8972,8797,8678,8805,9168,8977,9033,9632
,Rice (000 Hectares),,1503,1456,1480,1512,1604,1710,1749,1899,2026,2035,1933,1976,1978,1999,1999,1863,2066,1963,2042,2107,2113,2097,1973,2125,2162,2251,2317,2424,2515,2377,2114,2225,2461,2519,2520,2621,2581,2515,2963,2883,2365,2571,2309,2789,2891,2739,2724,2901,2810,3034,3335,3537,2976,3637
,Bajra (000 Hectares),,750,759,612,733,545,624,648,641,659,561,406,559,438,553,606,561,509,293,510,512,491,313,487,509,407,303,460,463,313,390,417,349,539,343,343,441,504,531,470,476,548,458,461,475,462,486,469,489,456,522,350,227,241,238
,Jowar (000 Hectares),,558,507,500,589,445,476,447,520,469,423,394,392,390,391,395,372,399,320,431,440,417,383,403,438,418,370,390,383,357,354,358,338,393,308,308,254,292,281,263,248,229,214,198,198,195,274,256,255,241,199,126,77,59,47
,Maize (000 Hectares),,640,633,645,633,614,620,624,656,650,701,769,739,790,798,809,804,816,854,866,863,845,848,868,890,939,928,933,962,962,944,942,936,947,982,982,1042,1017,1052,1052,935,974,1087,1060,1168,1142,1191,1348,1251,1374,1404,1418,1653,1719,1641
,Barley (000 Hectares),,141,157,164,205,194,186,174,167,178,159,259,222,263,200,190,189,182,145,159,155,157,149,160,165,172,152,163,137,124,113,111,108,102,93,93,90,94,91,86,84,77,72,73,71,68,66,61,58,57,49,42,38,41,44
,Total Food Grains (000 Hectares),,9569,9309,9372,9785,9214,9727,10032,10243,10669,10803,10745,11111,11257,11284,11255,11192,11678,10883,11738,11922,11933,11667,12191,12296,12473,12113,12618,12612,12734,12359,11999,11990,12658,12603,12603,12896,13066,13020,13880,13758,13094,13052,12761,13900,13962,13980,13830,13751,13616,14013,14439,14509,14069,15239
,Gram (000 Hectares),,914,964,1017,1108,996,1068,1095,1099,1224,1129,843,902,893,920,1014,1033,1082,821,979,1035,1092,997,1008,1065,1119,1100,1102,1077,972,905,934,963,982,1094,1094,1029,1052,1107,1081,1067,1054,1008,992,950,943,940,971,977,943,944,883,862,843,794
,Sugarcane (000 Hectares),,636,552,534,646,673,700,788,822,752,718,825,947,912,897,904,780,762,842,877,854,884,896,885,1009,963,965,1056,1055,1155,961,1000,1000,1075,966,966,907,1029,1241,1029,943,988,1058,1129,1173,1141,1131,1218,1342,1102,1040,1165,1260,1319,1180
,Rapeseed and Mustard (000 Hectares),,510,562,534,536,452,470,519,412,433,409,417,391,386,313,347,351,303,269,334,307,304,287,285,301,320,354,340,327,307,272,269,281,259,243,243,217,256,224,233,178,212,201,224,220,214,201,190,199,237,353,224,276,613,352
,Sesamum (000 Hectares),,31,42,30,33,23,28,30,32,46,46,44,43,29,22,34,37,33,18,25,38,53,70,82,80,90,100,96,71,72,101,136,88,60,67,66,82,71,76,91,80,78,76,71,82,83,79,80,83,83,139,170,200,260,400
,Cotton (000 Hectares),,1733,1957,2010,1845,2031,1852,1865,1843,1891,2081,2108,2214,2263,2221,2242,2364,2505,2568,2619,2599,2662,2836,2836,2653,2997,3149,2960,2923,2983,2928,3116,2794,2989,3193,3193,3103,3075,3054,2820,3106,2689,2835,2879,2806,2961,2902,2489,2700,2373,2517,2079,1937,2144,2424
,Tobacco (000 Hectares),,61,51,44,47,54,45,51,53,48,50,43,43,41,46,50,46,39,42,43,41,44,54,58,47,46,49,53,57,56,46,49,47,46,51,50,56,51,51,50,56,51,46,50,49,54,53,47,46,45,51,55,44,46,46
Production of Important Crops,,,,,,,,,,,,,,,,,,,,,,,,,,,,,,,,,,,,,,,,,,,,,,,,,,,,,,,,
,Wheat (000 tonnes),,6476,6890,7442,7629,7673,8691,9144,8367,9950,10857,11475,11304,12414,10882,11703,13923,12016,12675,14419,14316,14565,15684,16157,17002,16907,16651,18694,17858,21079,19024,18226,19183,19500,21612,21612,21277,23295,20959,24033,23311,25214,23473,24211,25979,25086,25633,26674,25076,24349,25248,27464,26209,28161,31438
,Rice (000 tonnes),,2200,2262,2330,2455,2314,2618,2737,2950,3272,3216,3123,3430,3445,3340,3315,2919,3486,3241,3200,3220,3261,3243,3116,3447,3967,4305,4333,4674,5156,4803,3882,4479,4848,5025,5025,5547,5438,5563,6952,6883,4823,6160,5536,6798,7003,6801,6849,7450,7202,7414,8420,9525,10985,9847
,Bajra (000 tonnes),,355,360,304,351,266,308,311,318,317,277,214,272,220,256,284,258,233,135,201,204,196,139,203,228,162,146,211,213,156,199,216,189,274,193,193,221,238,305,296,293,346,304,311,301,294,300,305,339,350,384,266,226,256,294
,Jowar (000 tonnes),,329,312,302,378,266,281,261,284,252,249,230,225,222,222,230,219,236,181,248,262,239,225,238,263,255,219,236,228,220,218,222,203,238,186,186,153,180,170,165,154,141,137,123,119,115,161,148,153,149,120,96,64,49,39
,Maize (000 tonnes),,718,705,706,767,747,803,764,821,799,875,970,930,1005,1014,1028,1009,1111,1127,1204,1179,1185,1203,1184,1318,1504,1491,1517,1665,1652,1643,1664,1737,1897,2797,2797,3110,3088,3605,3593,3261,3707,4338,4220,4944,4937,5271,6134,5902,6826,7883,8940,9525,10985,9847
,Barley (000 tonnes),,91,103,109,140,137,130,124,121,129,118,176,158,185,140,132,134,134,112,123,131,142,140,158,164,174,150,174,137,118,99,100,100,98,92,92,88,93,87,82,71,71,66,67,67,63,61,58,55,55,48,42,38,40,42
,Total Food Grains (000 tonnes),,10169,10632,11193,11720,11403,12831,13341,12861,14719,15592,16188,16319,17491,15854,16692,18462,18082,17471,19395,19311,19587,20634,21056,22422,22969,22961,25161,24775,28381,25986,24310,25891,26855,29905,29905,30396,32337,31198,35121,33973,34302,34478,34468,38208,37498,38227,40168,38975,38931,41097,45228,45385,46813,51529
,Gram (000 tonnes),,494,510,553,610,550,601,649,614,538,313,337,294,491,522,524,586,583,372,456,562,531,513,347,559,680,594,767,698,565,397,362,675,611,868,868,480,838,475,741,562,496,284,751,399,379,286,330,323,447,498,234,316,244,230
,Sugarcane (000 tonnes),,23167,19963,19947,23911,21242,25547,29523,30077,27326,27498,32359,36580,32534,34287,32140,27856,29926,33029,36976,35494,35989,38865,38059,47168,45230,41998,53104,55191,46333,43606,48042,52056,53419,47244,47244,44666,54742,63920,50045,49373,55309,58397,63750,67460,62826,65482,75482,83333,67174,66380,81009,88651,87981,87638
,Rapeseed and Mustard (000 tonnes),,269,301,287,292,248,267,296,236,248,247,253,239,246,217,235,250,213,204,249,233,228,220,207,229,255,286,292,279,279,230,221,235,221,203,203,172,212,176,188,151,188,164,205,203,196,185,181,225,302,488,296,402,673,373
,Sesamum (000 tonnes),,,,,,,10.7,12,12.6,18.7,19.3,18.3,16.6,10.8,8.8,13.5,14.9,12.5,7.2,10.1,15.2,21.4,28.7,34,36.2,39.5,44.9,42.5,32.1,35.4,50.7,69.6,19,25,30,30,35,30,33,41,33,31,30,29,32,33,32,34,35,36,64,102,128,152,301
,Cotton (000 tonnes),,542,707,702,659,634,514,435,575,473,728,715,748,824,495,1008,1208,1309,1468,1426,1456,1637,2181,1540,1479,1802,1594,1562,1495,1912,1825,1805,1737,1709,2426,2426,2215,2187,1982,2010,2196,1949,2310,2214,2170,2372,1688,1815,2032,1677,1556,1202,1417,835,1739
,Cotton (000 bales),,3189,4159,4126,3872,3729,3021,2557,3380,2783,4282,4201,4398,4844,2908,5930,7155,7760,8633,8385,8560,9628,12822,9054,8697,10595,9374,9184,8790,11240,10732,10613,10211,10048,14265,14265,13019,12856,11655,11819,12914,11460,13595,13031,12769,13960,9917,10671,11946,9861,9148,7064,8329,4910,10223
,Tobacco (000 tonnes),,113,87,63,66,77,58,73,74,68,78,67,69,65,80,87,78,69,70,74,68,75,97,102,81,80,92,99,109,108,85,86,88,86,100,101,113,103,108,105,119,103,98,108,130,120,116,100,107,104,133,168,134,152,152
Yield Per Hectare of Major Agricultural Crops,,,,,,,,,,,,,,,,,,,,,,,,,,,,,,,,,,,,,,,,,,,,,,,,,,,,,,,,
,Wheat (Kg/Hectare),,1083,1189,1246,1248,1320,1422,1431,1316,1488,1568,1643,1565,1678,1482,1612,1881,1559,1734,1865,1825,1841,1990,1946,2081,2018,2053,2238,2170,2491,2325,2262,2388,2373,2586,2568,2519,2716,2451,2657,2553,2833,2714,2796,2824,2726,2779,2973,2851,2806,2868,2996,2920,3117,3264
,Rice (Kg/Hectare),,1464,1554,1574,1624,1443,1531,1565,1553,1615,1581,1616,1736,1741,1671,1659,1567,1688,1651,1567,1528,1543,1546,1579,1622,1835,1912,1870,1928,2050,2021,1836,2013,1970,1995,1995,2116,2107,2212,2346,2387,2039,2396,2398,2437,2422,2483,2514,2568,2563,2444,2525,2635,2460,2714
,Sugarcane (Kg/Hectare),,36426,36165,37354,37014,31563,36496,37466,36590,36338,38298,39223,38627,35673,38224,35553,35713,39273,39227,42094,41562,40712,43376,43023,46747,46963,43544,50279,47780,45883,45385,48056,47341,49692,48907,48906,49246,53199,51507,48634,52357,55981,55196,56466,57511,55062,57897,61972,62096,60956,63841,69534,70341,66711,74252
,Maize (Kg/Hectare),,1122,1114,1095,1212,1217,1294,1224,1251,1228,1248,1262,1259,1273,1270,1271,1256,1361,1320,1391,1367,1401,1419,1364,1481,1602,1607,1627,1730,1718,1741,1768,1857,2003,2848,2848,2985,3036,3427,3415,3487,3806,3991,3981,4233,4323,4426,4550,4718,4968,5614,6305,5764,6389,5999
,Gram (Kg/Hectare),,540,529,544,551,552,563,593,558,439,278,400,326,550,568,517,567,539,453,466,543,486,514,344,524,607,540,696,648,581,439,383,701,622,793,793,467,797,429,685,527,471,282,757,420,402,304,340,331,474,528,265,367,289,290
,Cotton (Kg/Hectare),,313,361,349,357,312,277,233,312,250,350,339,338,364,223,450,515,527,572,544,560,615,769,543,557,601,506,528,512,641,624,579,622,572,760,760,714,711,649,713,707,725,815,769,774,802,582,729,753,707,618,578,731,390,717
Production of Important Fruit,,,,,,,,,,,,,,,,,,,,,,,,,,,,,,,,,,,,,,,,,,,,,,,,,,,,,,,,
,Citrus (000 tonnes),,445,466,495,563,666,671,711,623,737,871,926,1160,1245,1300,1373,1434,1467,1411,1565,1576,1609,1630,1665,1933,1960,2003,2037,1862,1943,1866,1830,1702,1760,1944,1944,2458,1472,2294,2132,2150,1982,2147,2002,2168,2395,2344,2180,2351,2469,2369,2621,2372,2230,2230
,Mango (000 tonnes),,519,536,552,580,605,596,579,561,538,550,547,652,683,673,692,713,737,713,735,766,776,787,794,884,908,915,917,916,938,990,1037,1035,1056,1674,1671,1754,1719,1754,1728,1846,1889,1700,1680,1659,1717,1636,1784,1734,1723,1639,1714,1845,1787,2090
,Apple (000 tonnes),,33,36,34,52,56,67,75,88,94,99,107,114,129,128,143,166,196,212,215,232,243,295,339,533,554,568,573,589,377,439,367,315,334,352,352,351,348,442,441,366,526,599,556,606,617,620,670,565,544,604,672,732,791,790
,Banana (000 tonnes),,89,88,104,105,117,126,117,123,131,125,131,132,134,135,137,140,202,208,205,210,202,44,52,80,82,83,94,95,125,140,150,143,175,148,148,164,151,158,157,155,139,97,116,119,118,135,137,135,136,151,142,216,292,305
,Apricot (000 tonnes),,19,20,10,23,25,26,28,30,31,34,36,37,44,47,52,54,62,66,72,76,81,109,122,178,191,188,189,191,120,126,125,130,211,215,205,197,177,240,238,194,190,189,179,178,171,173,166,142,108,94,124,159,204,204
,Almonds (000 tonnes),,,15,4,27,22,22,24,22,23,24,21,23,27,28,29,29,29,30,30,31,32,38,40,49,49,49,49,50,32,33,26,24,24,23,23,23,23,27,26,22,22,21,22,22,22,22,21,21,20,20,21,19,18,18
,Grapes (000 tonnes),,24,25,22,28,28,29,29,29,29,29,26,26,26,26,27,29,30,31,31,33,33,36,38,43,72,74,74,76,40,51,53,52,51,49,49,49,47,75,76,65,64,64,64,66,66,66,66,67,68,82,89,108,70,70
,Guava (000 tonnes),,88,75,118,105,112,136,100,124,124,117,124,198,253,276,288,313,319,335,340,347,355,373,384,420,442,448,455,468,495,526,538,532,550,571,571,552,555,539,512,509,547,495,500,496,488,523,548,586,548,706,963,938,807,807
Export of Fruit (000 tonnes),,,,,,,,66,93,51,80,80,46,68,102,71,66,96,104,104,96,101,112,125,121,139,135,219,202,181,240,260,290,263,354,281,281,455,343,411,469,687,669,737,718,784,682,677,646,697,756,798,975,622,622,782
Export of Fruit Value (Mln. Rs),,,,,,,,111,120,89,129,205,117,248,427,277,243,483,542,644,682,788,935,966,1179,1256,1487,2776,2793,2273,4130,4575,5084,4815,5913,5408,5408,7508,6894,9085,12519,20094,25017,32068,38085,45196,44375,44607,39878,43842,56272,67769,76846,84385,68762,75465
Crop Wise Composition - Food Crops (% Share),,,,,,,,,,,,,,,,,,,,,,,,,,,,,,,,,,,,,61.55,58.58,58.86,57.94,62.82,60.43,61.92,58.94,58.79,61.21,59.94,66.04,65.07,61.56,66.21,68.43,70.65,68.09,72.82,69.08
,Wheat (% Share),,,,,,,,,,,,,,,,,,,,,,31.36,28.74,29.41,29.24,41.3,40.39,39.48,39.26,38.66,37.14,38.33,,,,37.58,39.23,40.87,38.08,41.75,40.14,44.07,38.92,40.21,40.29,38.63,46.25,44.97,41.41,43.09,43.63,44.14,40.85,44.88,43.39
,Maize (% Share),,,,,,,,,,,,,,,,,,,,,,3.08,2.79,2.86,3.49,2.8,3.1,3.21,3.13,3.76,4.72,6.11,,,,15.28,6.59,6.18,7.51,7.08,6.47,7.5,8.32,8.09,8.88,8.83,9.65,10.47,9.87,12.24,13.76,14.5,14.93,17.62,13.81
,Rice (% Share),,,,,,,,,,,,,,,,,,,,,,13.52,14.31,16.57,16.8,15.4,15.62,14.54,15.85,16.42,14.77,16.63,,,,0.36,12.77,11.8,12.35,13.99,13.83,10.34,11.69,10.49,12.04,12.49,10.14,9.63,10.28,10.88,11.04,12.01,12.31,10.23,11.88
Crop Wise Composition - Cash Crop (% Share),,,,,,,,,,,,,,,,,,,,,,,,,,,,,,,,,,,,,0.31,10.27,11.89,14.62,10.77,10.66,12.03,11.83,13.15,13.09,12.11,16.27,17.13,18.92,16.47,15.92,18.08,19.12,19.46,16.9
,Sugarcane (% Share),,,,,,,,,,,,,,,,,,,,,,16.71,14.93,14.45,17.54,11,11.27,12.63,12.95,12.67,9.67,9.37,,,,4.14,10.27,11.89,14.62,10.77,10.66,12.03,11.83,13.15,13.09,12.11,16.27,17.13,18.92,16.47,15.92,18.08,19.12,19.46,16.9
Crop Wise Composition - Fibre Crop (% Share),,,,,,,,,,,,,,,,,,,,,,,,,,,,,,,,,,,,,3.73,31.14,29.26,27.44,26.4,28.91,26.05,29.23,28.06,25.7,27.95,17.7,17.79,19.53,17.32,15.66,11.26,12.79,7.73,14.02
,Cotton (% Share),,,,,,,,,,,,,,,,,,,,,,27.8,31.57,29.11,25.22,24,24.89,25.26,22.98,22.84,28.07,25.13,,,,0.15,31.14,29.26,27.44,26.4,28.91,26.05,29.23,28.06,25.7,27.95,17.7,17.79,19.53,17.32,15.66,11.26,12.79,7.73,14.02
Credit Disbursed by Agencies,,,,,,,,,,,,,,,,,,,,,,,,,,,,,,,,,,,,,,,,,,,,,,,,,,,,,,,,
,ZTBL (Rs million),,92.7,80,168.8,415.18,395.5,532.19,638.77,430.53,416.94,711.55,1066.62,1557.38,2310.43,3131.68,4167.91,5307.86,6031.15,7716.08,8667.52,9389.86,8323.95,6996.44,8643.4,14575.74,10339.27,11687.11,22353.6,30171.33,24423.89,27610.23,29108.01,29270.17,29933.07,37408.84,37409,47594,56473,66939,75139,79012,65361,66068,67068,77920,95827,90977,92451,83187,71478,62286,78500,69216,75424,59432
,DPBs (Rs million),,,,,,,,,,,,,,,,,,,,,,,,,,,,,,,,592.82,1421.11,2701.8,12406.82,12407,16023,23976,43941,41626,43777,50187,60876,69271,84813,108708,123097,139061,184863,211942,224970,274525,298719,366741,389121
,PPCBL (Rs million),,10.2,8.92,10.23,67.5,12.13,25.67,13.14,8.8,12.65,9.2,8.59,8.48,11.42,7.6,6.28,4.62,13.3,9.14,24.93,55.58,,,,,,,,,,,,,,,7607,5889,7988,5931,5579,5722,7162,8520,8304,8809,10486,10335,10880,10724,9677,8825,8205,7516,8513,6601
,Commercial Banks (Rs million),,55.48,39.08,42.02,144.22,81.54,91.83,45.74,206.24,263.71,601.23,1128.25,1100.8,1414.93,1449.89,1567.6,2048.58,2494.75,3020.28,2730.71,815.07,,,,,,,,,,,,,,,51310,67967,80393,94749,110666,119609,140312,146271,172833,195488,262912,311401,342068,523930,653531,708245,801472,764338,978192,870533
,MFBs (Rs million),,,,85.7,286.4,520.9,808.1,959.4,1277.5,1381.1,1537.2,1816.13,2436.1,2338.36,3770.76,4544.42,5324.59,7313.1,5174.52,3054.1,3629.53,,,,,,,,,,,,,,,,,,,,,,12115,18770,22796,32951,53938,87772,124756,153998,139298,132070,186344,216380,160133
,Islamic Banks (Rs million),,,,,,,,,,,,,,,,,,,,,,,,,,,,,,,,,,,,,,,,,,,,,1527,4991,8540,12326,16392,39379,42143,47815,66579,101276,124146
,MFIs/RSPs (Rs million),,,,,,,,,,,,,,,,,,,,,,,,,,,,,,,,,,,,,,,,,,,,,,,,19930,28754,33984,28917,23281,26195,29430,25252
,Total (Rs million),,158.38,128.8,306.75,913.3,1010.07,1457.79,1657.05,1923.07,2074.4,2859.18,4019.59,5102.76,6075.14,8359.93,10286.21,12685.65,15852.3,15920.02,14477.26,13890.04,,,,,,,,,,,,,,,108733,137474,168830,211561,233010,248120,263022,293850,336247,391353,515875,598287,704488,972606,1173990,1214684,1365870,1418906,1775956,1635218
Fertilizer Offtake,,,,,,,,,,,,,,,,,,,,,,,,,,,,,,,,,,,,,,,,,,,,,,,,,,,,,,,,
,Nitrogen (000 N/Tonnes),,251.52,343.97,386.39,341.93,362.83,441.6,510.99,549.93,684.28,805.99,842.93,830.55,952.66,914.3,934.85,1128.14,1332.5,1281.65,1324.83,1467.87,1471.64,1462.62,1635.36,1738.1,1990.85,1985.08,2075.1,2096.98,2217.77,2264.49,2285.3,2349.1,2526.73,2796.42,2796,2926,2650,2925,3034,3476,3134,3207,2853,3185,3309,2672,3730,3435,3408,3415,3711,3838,3604,3086
,Phosphorus (000 N/Tonnes),,30.45,37.23,48.73,58.08,60.75,103.61,117.94,156.33,187.96,228.46,226.9,225.19,265.26,259.8,293.91,349.78,408.87,393.45,390.61,382.45,388.5,398.01,488.2,428.41,494.45,419.47,550.92,465,597.16,676.73,624.54,650.17,673.46,865.11,864,851,979,630,651,860,767,633,747,881,975,1007,1269,1279,1153,1084,1228,1092,734,834
,Potash (000 N/Tonnes),,1.24,0.74,1.38,2.67,2.09,2.91,2.36,5.98,7.58,9.6,9.63,21.74,25.65,28.48,24.68,33.21,42.51,45.12,24.53,40.07,32.76,23.3,24.06,16.55,29.67,8.43,20.03,21.28,18.5,22.75,18.75,20.49,21.79,32.51,33,27,43,27,25,24,32,21,21,24,33,20,41,50,53,50,69,71,29,38
,Total (000 N/Tonnes),,283.21,381.94,436.5,402.68,425.49,548.12,631.29,712.24,879.82,1044.05,1079.46,1077.48,1243.57,1202.58,1253.44,1511.13,1783.88,1720.22,1739.87,1890.39,1892.9,1883.93,2147.63,2183.06,2514.97,2412.98,2646.05,2583.26,2833.43,2963.97,2928.6,3019.76,3221.98,3694.04,3694,3804,3672,3582,3710,4360,3933,3861,3621,4089,4316,3699,5040,4763,4614,4549,5008,5001,4366,3957
Import of Fertilizers (000 N/Tonnes),,,,,,335.5,133.3,182.7,279.6,548.7,659.4,596.9,711,132.8,404.1,295.7,340.9,265.9,610.4,557.5,461,589.9,668.1,649.7,813.5,358.8,734.1,878.1,738.3,859.7,662.8,579.1,625.7,766.1,764.1,784.8,784,1268,796,876,568,1444,645,1177,735,1148,984,901,961,1191,1093,890,884,684,479,524
Import of Insecticides,,,,,,,,,,,,,,,,,,,,,,,,,,,,,,,,,,,,,,,,,,,,,,,,,,,,,,,,
,Quantity (Tonnes),,2248,2438,18484,6473.6,6927.6,13758.3,16225.7,12754.4,7727.3,4419.1,7105,5481,8860.3,10662.5,15889.2,17498.9,20647.8,15765.4,11326.5,10543.5,13030.1,15258.3,14434.8,21776.1,30479,30855.9,29224.9,31893.4,26123.9,21255,31783.2,22241.7,41406.4,42091,41561,33954,29089,27814,28839,38227,36183,32152,17882,23546,23157,17386,18088,26480,29117,32089,37441,34316,38551,26384
,Value (Mln Rs.),,41.77,39.65,78.72,171.36,257.68,310.42,460.64,254.46,188.81,167.66,224.74,230.62,396.71,685.84,1196.62,1416.81,1878.39,1769.27,1382.9,1249.27,1489.43,1945.98,1730.6,2978.1,5080.7,5272.49,4801.19,5515.12,4691.71,3476.5,5320.49,3440.86,7156.66,8016,8281,6804,5848,6330,8981,13473,13178,12255,8507,12572,14058,15974,16680,19162,25909,29572,30083,36266,51036,41000
Average Retail Sale Prices of Fertilizers,,,,,,,,,,,,,,,,,,,,,,,,,,,,,,,,,,,,,,,,,,,,,,,,,,,,,,,,
,Urea (Rs per bag of 50 Kgs),,26,28.5,,35,55,75,75,68,68,63,63,93,93,128,128,128,128,130,135,165,195,195,205,253,285,339,344,346,324,363,392,411,420,468,468,509,527,581,751,799,1035,1719,1799,1827,1883,1860,1378,1386,1745,1850,1698,1913,2649,4046
,AN/CAN (Rs per bag of 50 Kgs),,13,17,,17,32,43,43,39,39,36.5,36.5,50,50,58,60,60,65,74,78,80,90,95,109,177,185,209,222,231,228,233,267,282,298,353,353,395,396,471,704,701,843,1392,1443,1566,1606,1564,1198,1241,1571,1700,1547,1686,2461,3511
,AS (Rs per bag of 50 Kgs),,13,17,,17,25,34,34,30,31,29,29,42,47,59,59,59,59,65,70,78,85,90,96,176,171,197,209,275,285,300,308,344,373,394,405,744,779,867,1330,1223,1124,,,,,,,,,,,,,
,NP (Rs per bag of 50 Kgs),,,,,,55,65,55,50,50,46.5,46.5,78,78,97,110,110,110,110,119,137,173,173,196,279,322,384,412,457,466,468,518,539,622,704,704,710,670,1267,1700,1452,2108,2691,2524,2513,2584,2339,1869,2175,2829,2695,3144,5371,6293,7217
,SSP(G) (Rs per bag of 50 Kgs),,9.5,9.5,,9.5,15,22,22,18,18,17,,25,25,29,40,40,40,46,53,58,93,93,93,157,181,211,196,234,287,253,279,289,329,373,373,407,334,572,874,726,896,1260,1172,1050,1012,973,886,890,1002,1068,1249,1968,2698,2751
,DAP (Rs per bag of 50 Kgs),,28,28,,35,57,75,75,72,72,67,67,100,100,121,133,133,146,146,161,185,249,272,264,439,515,552,574,665,632,669,710,765,913,1001,1001,1079,993,1934,2578,2267,3236,4054,3902,3640,3677,3343,2596,2882,3518,3558,4432,8227,10924,12047
,SOP (Rs per bag of 50 Kgs),,20,20,,20,32,32,32,32,29,27,27,30,30,35,40,40,50,50,60,72,150,150,195,298,344,532,538,541,567,682,764,780,809,996,996,1170,985,1497,2091,2370,2807,3797,3945,4233,4904,5131,4100,3659,3945,4299,4462,7727,13589,12170
Area Irrigated by,,,,,,,,,,,,,,,,,,,,,,,,,,,,,,,,,,,,,,,,,,,,,,,,,,,,,,,,
,Canals (million hectares),,6.69,9.57,9.8,10.06,10.09,10.19,10.1,10.43,10.01,10.74,11.46,11.44,8.09,7.95,7.78,7.84,7.96,7.73,7.86,7.74,7.89,7.85,7.91,7.51,7.6,7.81,7.79,7.67,7.56,6.98,6.81,7.06,7.22,7,7,7.06,6.78,6.52,6.42,6.39,6,5.59,5.22,5.55,5.55,5.59,5.56,6.04,5.67,6.03,5.67,5.87,5.9,
,Wells (million hectares),,1.29,0.67,0.51,0.52,0.44,0.43,0.45,0.35,0.26,0.34,0.32,0.3,0.18,0.18,0.19,0.19,0.18,0.16,0.16,0.16,0.13,0.16,0.18,0.17,0.18,0.18,0.16,0.17,0.18,0.16,0.2,0.21,0.22,0.25,0.25,0.28,0.67,0.31,0.31,0.31,0.36,0.35,0.3,0.38,0.38,0.35,0.1,0.43,0.27,0.26,0.28,0.28,0.25,
,Canal Wells (million hectares),,,,,,,,,,,,,,0.07,0.08,0.08,0.08,0.07,0.07,0.08,0.08,0.08,0.11,0.1,0.1,0.11,0.11,0.13,0.09,0.09,0.1,0.16,0.17,0.15,0.19,0.19,0.2,0.22,0.17,0.2,0.26,0.25,0.19,0.19,0.27,0.27,0.3,0.3,0.28,0.28,0.25,0.24,0.24,0.23,
,Tubewells (million hectares),,2.25,2.1,2.21,2.41,2.38,2.39,2.69,2.79,3.49,2.74,2.81,2.99,1.98,1.95,1.97,2.05,2.2,2.3,2.46,2.57,2.56,2.59,2.67,2.83,2.89,2.9,3,2.98,3.11,3.19,3.45,3.37,3.48,3.46,3.46,3.58,3.89,3.83,3.82,3.88,3.92,4.03,3.81,3.71,3.71,4.48,3.57,3.57,3.75,4.04,3.98,3.98,4.15,
,Canal Tubewells (million hectares),,,,,,,,,,,,,,4.53,4.58,4.68,4.95,5.16,5.23,5.53,5.72,5.87,5.93,6.23,6.41,6.58,6.61,6.74,6.88,6.99,7.22,7.24,7.21,7.5,7.71,7.7,7.78,7.78,7.79,7.94,7.07,7.6,7.86,7.86,8.15,8.15,8.19,7.89,8.19,8.23,8.51,8.75,8.75,8.71,
,Others (million hectares),,0.35,0.64,0.53,0.65,0.43,0.62,0.59,0.65,0.71,0.87,0.61,0.6,0.63,0.72,0.58,0.68,0.74,0.19,0.55,0.62,0.22,0.21,0.24,0.18,0.22,0.22,0.18,0.16,0.18,0.17,0.18,0.2,0.21,0.24,0.24,0.22,0.25,0.28,0.24,0.28,0.72,0.72,0.19,0.17,0.17,0.26,0.21,0.21,0.16,0.25,0.23,0.23,0.2,
,Total (million hectares),,10.59,12.99,13.06,13.64,13.34,13.63,13.83,14.22,14.47,14.74,14.9,15.39,15.48,15.46,15.28,15.79,16.31,15.68,16.64,16.89,16.75,16.85,17.33,17.2,17.58,17.83,18,17.95,18.11,17.82,18.04,18.22,18.78,18.84,18.84,19.12,19.59,19.29,19.39,20.06,19.16,18.99,18.68,19.28,19.28,19.33,18.91,18.72,18.36,19.34,19.15,19.35,19.49,
Procurement/Support Prices of Wheat (Rs per 40 Kg),,,18.22,18.22,21.43,26.79,39.65,39.65,39.65,39.65,48.23,50,58,58,64,64,70,80,80,82.5,85,96,112,124,130,160,173,240,240,240,300,300,300,300,350,400,400,415,425,625,950,950,950,1050,1200,1200,1300,1300,1300,1300,1300,1400,1800,2200,3900,3900
Procurement/Support Prices of Rice,,,,,,,,,,,,,,,,,,,,,,,,,,,,,,,,,,,,,,,,,,,,,,,,,,,,,,,,
,Basmati 385 (Rs per 40 Kg),,34.3,40.72,49.29,66.45,96.45,96.45,108.8,108.8,117.89,117.89,137,150,154,160,160,175,204,250,258,276,283,308,340,389,419.8,461.78,461.78,,,,,,,,,,,,2500,,,,,,,,,,,,,,,
,Irri-6 (F.A.Q) (Rs per 40 Kg),,22.4,22.4,22.4,28.94,42.87,42.87,57.87,49.3,52.51,52.57,63,72.5,80,83,83,86.5,86.5,89.5,100,113,127,140,150,170,183,210.45,251.62,,,,,,,,,,,,1400,,,,,,,,,,,,,,,
Procurement/Support Prices of Paddy,,,,,,,,,,,,,,,,,,,,,,,,,,,,,,,,,,,,,,,,,,,,,,,,,,,,,,,,
,Basmati 385 (Rs per 40 Kg),,,,,,,47.8,55.73,59.48,64.3,64.3,75,85,88,90,90,93,102,130,135,143.5,150,155,175,210.9,222,255.3,310,330,350,385,385,385,400,415,415,460,,,1250,1000,,,,,,,,,,,,,,
,Basmati Super 2000 (Rs per 40 Kg),,,,,,,,,,,,,,,,,,,,,,,,,,,,,,,,,,,,510,560,,,1500,1250,,,,,,,,,,,,,,
,Irri-6 (Rs per 40 Kg),,,,,,,26.79,32.15,32.15,32.15,32.15,38.58,45,49,51,51,53,53,55,60,66,73,78,85,102.6,112,128.8,153,175,185,205,205,205,215,230,230,300,306,,700,600,,,,,,,,,,,,,,
Procurement/Support Prices of Sugarcane (at factory gate),,,,,,,,,,,,,,,,,,,,,,,,,,,,,,,,,,,,,,,,,,,,,,,,,,,,,,,,
,Khyber Pakhtunkhwa (Rs per 40 Kg),,2.41,2.41,4.29,4.29,5.37,5.89,5.89,5.89,5.89,7.23,9.38,9.38,9.38,9.38,9.38,11.52,11.52,11.52,12.32,13.5,15.25,16.75,17.5,20.5,21.5,24,35,35,35,35,42,42,,,42,48,65,65,80,100,125,150,170,170,180,180,180,180,180,190,200,225,300,400
,Punjab (Rs per 40 Kg),,2.95,2.7,4.55,4.55,5.63,6.16,6.16,6.16,6.16,7.5,9.65,9.65,9.65,9.65,9.65,11.79,11.79,11.79,12.59,13.75,15.25,16.75,17.5,20.5,21.5,24,35,35,35,35,42,42,,,42,45,60,60,80,100,125,150,170,170,180,180,180,180,180,190,200,225,300,400
,Sindh (Rs per 40 Kg),,3.11,2.84,4.72,4.72,5.79,6.32,6.32,6.32,6.32,7.66,9.81,9.81,9.81,9.81,9.81,9.81,11.95,11.95,12.86,14,15.75,17.75,17.5,20.75,21.75,24.5,36,36,36,36,43,43,,,43,60,67,63,81,102,125,154,172,172,182,172,182,182,182,192,202,250,302,425
,Balochistan (Rs per 40 Kg),,,,,,,,,,,,,,,,,,,,,,,17,17.5,20.75,21.75,24.5,36,36,36,36,43,43,,,43,,,,,,,,,,,,,,,,,,,
Procurement/Support Prices of Seed Cotton (Phutti),,,,,,,,,,,,,,,,,,,,,,,,,,,,,,,,,,,,,,,,,,,,,,,,,,,,,,,,
,B-557 149-F (Rs per 40 Kg),,,,,,,,482.26,415.82,424.39,445.83,475.8,473,473,496,500.4,500.4,500.4,504,507,539,645,715,770,986,986,,,,,,,,,,925,975,1025,1025,1465,,,,,,3000,3000,,,,,,5000,,8500
Procurement (000 tonnes),,,1000.8,827.7,204.9,1320.7,1233.6,1216.6,2338.8,1842.4,1086,2376,2954.9,3988.8,3131,3821,2275,2533.3,5035.1,3975.2,3491,4135,4412.4,3159,3249,3644,3740,3448,2725,3984,4070,8582,4081,4045,3514,3450,3939,4514,4422,3918,9200,6715,6150,5792,7910,5948,6139,5806,6516,5942,4034,6596,5810.5,6614,3144,5899.5
Releases (May-April) (000 tonnes),,,,,1563,2175,2260,2285,2762,2880,2977,2746,2768,3214,3115,3251,3695,3543,3793,5202,5717,4951,5608,5431,5143,5999,5139,5987,5794,6165,6131,5537,3376,5130,4104,4500,4500,2088.4,5985.4,6397.9,5784.4,5985,6404,5820,6363,6149,3380,4468.1,,,,1846.3,3894,7130,8841,3519.2
Stocks as on 1st May (000 tonnes),,,,,,,,217,511,503,189,379,685,830,1650,1620,1800,745,1227,2525,1200,615,1508,1000,505,776,385,453,902,981,702,3552,3683,992,161,350,350,2107.4,499.1,136.9,821.9,4223,3186,3506,1681,7566,6447,6284,4531,9858,3777,602,8144.1,2030.7,4642,4362
Livestock population,,,,,,,,,,,,,,,,,,,,,,,,,,,,,,,,,,,,,,,,,,,,,,,,,,,,,,,,
,Buffalo (million numbers),,9.7,9.8,10,10.2,10.4,11.6,10.9,11.1,11.3,11.6,11.9,12.1,12.4,12.7,13.1,15.7,16.1,16.5,17,17.4,17.8,18.3,18.7,19.7,20.3,20.8,21.4,22,22.7,23.3,24,24.8,25.5,26.3,26.3,27.3,28.2,29,29.9,30.8,32,33,34,35,36,37,38,39,40,41,42,44,45,46.3
,Cattle (million numbers),,14.8,14.6,14.7,14.7,14.8,14.9,15,15.2,15.4,15.6,15.8,15.9,16.1,16.3,16.5,16.7,16.9,17.1,17.2,17.8,17.7,17.7,17.8,17.8,20.4,20.8,21.2,21.2,22,22.4,22.8,23.3,23.8,24.2,24.2,29.6,30.7,31.8,33,34.3,36,37,38,40,41,43,44,46,48,50,52,53,56,57.5
,Goat (million numbers),,15,15.6,16.9,18.4,20,21.7,22.4,23.2,24,24.9,25.8,26.7,27.7,28.7,29.7,30.8,31.2,32.6,34,35.4,37,38.7,40.2,43.8,41.2,42.6,44.2,45.8,47.4,49.1,50.9,52.8,54.7,56.7,56.7,53.8,55.2,56.7,58.3,59.9,62,63,65,67,68,70,72,74,76,78,80,83,85,87
,Sheep (million numbers),,13.6,13.7,14.8,16.1,17.4,18.9,19.5,20.1,20.7,21.4,22.1,22.8,23.5,24.2,25,23.3,23.7,24.5,25.1,25.7,26.3,27.4,27.7,29.1,23.5,23.7,23.8,23.9,24.1,24.2,24.4,24.6,24.7,24.9,24.9,26.5,26.8,27.1,27.4,27.8,28,28,29,29,29,30,30,31,31,31,32,32,32,32.7
,Poultry (million numbers),,,24.3,28.3,33,38.5,44.9,48.6,52.7,57.4,62.6,67.4,73.5,89.5,100.6,113.7,109.5,130,445.4,162.1,153.9,146.9,156.2,182.6,318.8,350,382,,,303,316,330,346,352.6,366,372,433.8,477,518,562,610,663,721,785,855,932,1016,1108,1210,1321,1443,1578,1725,1887,2065
,Camels (million numbers),,0.7,0.7,0.7,0.7,0.8,0.8,0.8,0.8,0.8,0.8,0.9,0.9,0.9,0.9,0.9,0.9,1,1,1,1,1.1,1.1,1.1,1.1,0.8,0.8,0.8,0.8,0.8,0.8,0.8,0.8,0.7,0.7,0.7,0.9,0.9,1,1,1,1,1,1,1,1,1,1.1,1.1,1.1,1.1,1.1,1.1,1.1,1.2
,Asses (million numbers),,1.9,1.9,1.9,2,2,2.1,2.2,2.2,2.3,2.4,2.4,2.5,2.6,2.7,2.8,3,3.1,3.2,3.3,3.4,3.5,3.8,3.8,4,3.6,3.6,3.2,3.8,3.8,3.9,3.9,4.1,4.1,4.2,4.2,4.3,4.3,4.4,4.5,4.6,4.7,4.8,4.9,4.9,5,5.1,5.2,5.3,5.4,5.5,5.6,5.7,5.8,5.9
,Horses (million numbers),,0.3,0.3,0.3,0.3,0.4,0.4,0.4,0.4,0.4,0.4,0.4,0.4,0.4,0.4,0.4,0.4,0.4,0.4,0.4,0.4,0.4,0.5,0.4,0.4,0.3,0.3,0.3,0.3,0.3,0.3,0.3,0.3,0.3,0.3,0.3,0.3,0.3,0.3,0.4,0.4,0.4,0.4,0.4,0.4,0.4,0.4,0.4,0.4,0.4,0.4,0.4,0.4,0.4,0.4
,Mules (million numbers),,0.1,0.1,0.1,0.1,0.1,0.1,0.1,0.1,0.1,0.1,0.1,0.1,0.1,0.1,0.1,0.1,0.1,0.1,0.1,0.1,0.1,0.1,0.1,0.1,0.1,0.1,0.1,0.1,0.2,0.2,0.2,0.2,0.2,0.3,0.3,0.2,0.2,0.2,0.2,0.2,0.2,0.2,0.2,0.2,0.2,0.2,0.2,0.2,0.2,0.2,0.2,0.2,0.2,0.2
Livestock products,,,,,,,,,,,,,,,,,,,,,,,,,,,,,,,,,,,,,,,,,,,,,,,,,,,,,,,,
,Milk (000 Tonnes),,,7800,7899,8044,8173,8348,8524,8704,8888,9075,9267,9462,9662,10242,10856,12052,12669,13319,14003,14723,15481,16280,17120,18986,22970,23580,24215,24876,25566,26284,27031,27811,28624,29472,29438,31970,32996,34064,35160,36299,37475,38617,39855,41133,42454,43818,45227,46682,48185,49737,51340,52996,54707,56474
,Beef (000 Tonnes),,,346,349,354,357,362,375,389,404,418,434,448,464,488,513,600,630,661,694,729,765,803,844,931,898,919,940,963,986,1010,1034,1060,1087,1115,1115,1449,1498,1549,1601,1655,1711,1769,1829,1887,1951,2017,2085,2155,2227,2303,2380,2461,2544,2630
,Mutton (000 Tonnes),,,208,224,245,265,288,303,319,335,352,370,389,408,436,467,473,507,542,581,621,665,713,763,875,587,602,617,633,649,666,683,702,720,739,739,554,566,578,590,603,616,629,643,657,671,686,701,717,732,748,765,782,799,817
,Poultry Meat (000 Tonnes),,,14,19,24,27,34,37,41,44,49,52,57,75,86,99,126,134,154,172,157,151,169,265,308,355,387,284,297,327,339,355,370,378,384,384,512,554,601,652,707,767,834,907,987,1074,1170,1276,1391,1518,1657,1809,1977,2160,2362
,Wool (000 Tonnes),,,22.1,24.3,26.1,28.3,30.7,32.2,33.7,35.4,37.1,38.9,40.7,42.7,45.1,47.7,42.5,43.6,44.7,45.8,46.9,48.1,49.3,50.5,53.1,38.8,38.3,38.5,38.7,38.9,39.2,39.4,39.7,39.9,40,40,40.1,40.6,41,41.5,42,42.5,43,43.6,44.1,44.6,45.1,45.7,46.2,46.8,47.3,47.9,48.4,49,49.6
,Hair (000 Tonnes),,,2.9,3.1,3.4,3.7,4.1,4.3,4.5,4.8,5,5.3,5.5,5.8,6.2,6.6,6.4,6.7,7,7.3,7.6,7.9,8.3,8.1,9.4,15.6,16.2,16.7,17.3,17.9,18.6,19.3,19.9,20.7,20.7,20.7,20.3,20.8,21.4,22,22.6,23.2,23.8,24.4,25.1,25.8,26.5,27.2,27.9,28.6,29.4,30.2,31,31.8,32.7
,Bones (000 Tonnes),,,152,157,161,166,173,177,181,185,189,194,199,203,208,213,231,236,242,247,253,259,265,271,283,296,302,309,316,324,332,339,348,356,365,365.1,633.5,652.5,672.2,692.4,713.4,735.1,757.5,780.5,802.9,827.2,852.3,878.2,904.9,932.5,961,990.3,1020.7,1052,1084.3
,Fats (000 Tonnes),,,45.8,47.2,49.9,52.2,54.7,57.2,59.8,62.5,65.3,68.3,71.4,74.7,79.3,84.1,89.6,91.9,94.3,96.7,99.3,101.8,104.5,107.2,113,110.1,112.6,115.2,117.8,120.6,123.5,126.5,129.7,132.9,136.3,136.3,203.3,209.2,215.3,221.6,228.1,234.8,241.7,248.8,255.8,263.3,271,279,287.3,295.8,304.5,313.6,322.9,332.5,342.5
,Blood (000 Tonnes),,,14.2,15,16,16,17.1,17.9,18.8,19.6,20.5,21.5,22.5,23.9,25.5,27.2,29.9,31.8,33.7,35.7,37.9,40.1,42.5,45.1,50.7,32,32.8,33.6,34.4,40.8,41.9,42.9,44,45.2,45.2,45.2,51.4,52.7,54.1,55.4,56.8,58.3,59.8,61.3,62.8,64.4,66.1,67.8,69.5,71.3,73.1,75,77,79,81
,Eggs (Mln.Nos.),,,583,695,811,907,1159,1443,1557,1805,2094,2319,2664,3200,3619,4093,3460,3800,4140,4300,4670,4490,4914,5164,5927,5757,6015,5737,5938,7312,7505,7679,7860,8102,8529,8529,9712,10197,10711,11258,11839,12857,13114,13813,14556,15346,16188,17083,18037,19052,20133,21285,22512,23819,25212
,Hides (Mln.Nos.),,,4.3,4.3,4.4,4.5,4.5,4.6,4.7,4.8,4.9,4.9,5,5.2,5.3,5.4,5.4,5.5,5.6,5.7,5.8,5.9,6,6.1,6.3,7,7.1,7.3,7.5,7.6,7.8,7.9,8.2,8.4,8.4,8.6,11.4,11.8,12.2,12.6,13,13.5,13.9,14.4,14.9,15.4,15.9,16.4,17,17.5,18.1,18.8,19.4,20,20.7
,Skins (Mln.Nos.),,,16.4,17.5,19.4,21,22.8,23.6,24.4,25.2,26.1,26.9,27.9,28.8,29.8,30.8,28.6,29.6,30.6,31.7,32.9,32.7,33.9,36,39.3,32.7,34.5,35.3,36.3,37.2,38.2,39.2,40.3,42.4,42.6,42.6,43.3,44.3,45.3,46.3,47.4,48.5,49.6,50.7,51.9,53.1,54.3,55.5,56.8,58.1,59.5,60.8,62.3,63.7,65.2